Rk,Player,HR,Season,Age,Team,Lg,G,PA,AB,R,H,1B,2B,3B,HR,RBI,SB,CS,BB,SO,BA,OBP,SLG,OPS,OPS+,TB,GIDP,HBP,SH,SF,IBB,Pos,Player-additional
1,Luke Voit,22,2020,29,NYY,AL,56,234,213,41,59,32,5,0,22,52,0,0,17,54,.277,.338,.610,.948,157,130,4,3,0,1,0,*3/DH,voitlu01
2,José Abreu,19,2020,33,CHW,AL,60,262,240,43,76,42,15,0,19,60,0,0,18,59,.317,.370,.617,.987,165,148,10,3,0,1,1,*3/D,abreujo02
3,Marcell Ozuna,18,2020,29,ATL,NL,60,267,228,38,77,45,14,0,18,56,0,0,38,60,.338,.431,.636,1.067,177,145,3,0,0,1,3,D7/9,ozunama01
4,José Ramírez,17,2020,27,CLE,AL,58,254,219,45,64,30,16,1,17,46,10,3,31,43,.292,.386,.607,.993,167,133,2,3,0,1,0,*5/D,ramirjo01
5,Fernando Tatis Jr.,17,2020,21,SDP,NL,59,257,224,50,62,32,11,2,17,45,11,3,27,61,.277,.366,.571,.937,156,128,6,5,0,1,1,*6/D,tatisfe02
6,Mike Trout,17,2020,28,LAA,AL,53,241,199,41,56,28,9,2,17,46,1,1,35,56,.281,.390,.603,.993,167,120,1,3,0,4,4,*8/D,troutmi01
7,Pete Alonso,16,2020,25,NYM,NL,57,239,208,31,48,26,6,0,16,35,1,0,24,61,.231,.326,.490,.817,122,102,4,6,0,1,4,3D/H,alonspe01
8,Mookie Betts,16,2020,27,LAD,NL,55,246,219,47,64,38,9,1,16,39,10,2,24,38,.292,.366,.562,.927,147,123,2,2,0,1,1,*9/D48,bettsmo01
9,Kole Calhoun,16,2020,32,ARI,NL,54,228,190,35,43,18,9,0,16,40,1,1,28,50,.226,.338,.526,.864,130,100,6,6,0,4,0,*9/DH,calhoko01
10,Nelson Cruz,16,2020,39,MIN,AL,53,214,185,33,56,34,6,0,16,33,0,0,25,58,.303,.397,.595,.992,171,110,8,4,0,0,5,*D/H,cruzne02
11,Adam Duvall,16,2020,31,ATL,NL,57,209,190,34,45,21,8,0,16,33,0,0,15,54,.237,.301,.532,.833,114,101,2,3,0,1,0,*79/H8D,duvalad01
12,Teoscar Hernández,16,2020,27,TOR,AL,50,207,190,33,55,32,7,0,16,34,6,1,14,63,.289,.340,.579,.919,146,110,4,1,0,1,0,*9/8DH,hernate01
13,Manny Machado,16,2020,27,SDP,NL,60,254,224,44,68,39,12,1,16,47,6,3,26,37,.304,.370,.580,.950,160,130,9,0,0,4,4,*5/D,machama01
14,AJ Pollock,16,2020,32,LAD,NL,55,210,196,30,54,29,9,0,16,34,2,2,12,45,.276,.314,.566,.881,132,111,6,0,0,2,1,*78D/H,polloaj01
15,Wil Myers,15,2020,29,SDP,NL,55,218,198,34,57,26,14,2,15,40,2,1,18,56,.288,.353,.606,.959,160,120,0,2,0,0,0,*9/3D,myerswi01
16,Corey Seager,15,2020,26,LAD,NL,52,232,212,38,65,37,12,1,15,41,1,0,17,37,.307,.358,.585,.943,150,124,8,1,0,2,0,*6/D,seageco01
17,Eugenio Suárez,15,2020,28,CIN,NL,57,231,198,29,40,17,8,0,15,38,2,0,30,67,.202,.312,.470,.781,100,93,5,2,0,1,1,*5,suareeu01
18,Ronald Acuña Jr.,14,2020,22,ATL,NL,46,202,160,46,40,15,11,0,14,29,8,1,38,60,.250,.406,.581,.987,156,93,3,4,0,0,2,*89,acunaro01
19,Nick Castellanos,14,2020,28,CIN,NL,60,242,218,37,49,22,11,2,14,34,0,2,19,69,.225,.298,.486,.784,100,106,5,4,0,1,1,*9/DH,casteni01
20,Eloy Jiménez,14,2020,23,CHW,AL,55,226,213,26,63,35,14,0,14,41,0,0,12,56,.296,.332,.559,.891,139,119,4,0,0,1,0,*7/D,jimenel02
21,Brandon Lowe,14,2020,25,TBR,AL,56,224,193,36,52,27,9,2,14,37,3,0,25,58,.269,.362,.554,.916,154,107,2,4,0,2,0,*4/9H7D3,lowebr01
22,Matt Olson,14,2020,26,OAK,AL,60,245,210,28,41,22,4,1,14,42,1,0,34,77,.195,.310,.424,.734,103,89,2,1,0,0,2,*3,olsonma02
23,George Springer,14,2020,30,HOU,AL,51,222,189,37,50,28,6,2,14,32,1,2,24,38,.265,.359,.540,.899,141,102,3,5,0,2,0,*8/9DH,springe01
24,Byron Buxton,13,2020,26,MIN,AL,39,135,130,19,33,17,3,0,13,27,2,1,2,36,.254,.267,.577,.844,125,75,2,1,0,2,0,8,buxtoby01
25,Freddie Freeman,13,2020,30,ATL,NL,60,262,214,51,73,36,23,1,13,53,2,0,45,37,.341,.462,.640,1.102,187,137,6,3,0,0,7,*3/DH,freemfr01
26,Bryce Harper,13,2020,27,PHI,NL,58,244,190,41,51,27,9,2,13,33,8,2,49,43,.268,.420,.542,.962,158,103,5,2,1,2,8,*9D/8,harpebr03
27,Keston Hiura,13,2020,23,MIL,NL,59,246,217,30,46,29,4,0,13,32,3,2,16,85,.212,.297,.410,.707,87,89,7,11,0,2,2,*4D,hiurake01
28,Eddie Rosario,13,2020,28,MIN,AL,57,231,210,31,54,34,7,0,13,42,3,1,19,34,.257,.316,.476,.792,116,100,3,0,0,2,2,*7/DH,rosared01
29,Miguel Sanó,13,2020,27,MIN,AL,53,205,186,31,38,13,12,0,13,25,0,0,18,90,.204,.278,.478,.757,105,89,3,1,0,0,1,*3/D,sanomi01
30,Juan Soto,13,2020,21,WSN,NL,47,196,154,39,54,27,14,0,13,37,6,2,41,28,.351,.490,.695,1.185,217,107,1,1,0,0,12,*7/9D,sotoju01
31,Cody Bellinger,12,2020,24,LAD,NL,56,243,213,33,51,29,10,0,12,30,6,1,30,42,.239,.333,.455,.789,112,97,4,0,0,0,2,83/D9,bellico01
32,Wilmer Flores,12,2020,28,SFG,NL,55,213,198,30,53,29,11,1,12,32,1,0,13,36,.268,.315,.515,.830,124,102,5,1,0,1,1,D34/H5,florewi01
33,Randal Grichuk,12,2020,28,TOR,AL,55,231,216,38,59,38,9,0,12,35,1,1,13,49,.273,.312,.481,.793,114,104,5,0,0,2,1,*8/D,grichra01
34,Ian Happ,12,2020,25,CHC,NL,57,231,198,27,51,27,11,1,12,28,1,3,30,63,.258,.361,.505,.866,131,100,1,2,1,0,1,*87/9H3D,happia01
35,Max Muncy,12,2020,29,LAD,NL,58,248,203,36,39,23,4,0,12,27,1,0,39,60,.192,.331,.389,.720,95,79,3,4,0,2,2,354/D,muncyma01
36,Renato Núñez,12,2020,26,BAL,AL,52,216,195,29,50,28,10,0,12,31,0,0,17,64,.256,.324,.492,.816,118,96,4,3,0,1,0,3D/5H,nunezre01
37,Trea Turner,12,2020,27,WSN,NL,59,259,233,46,78,47,15,4,12,41,12,4,22,36,.335,.394,.588,.982,162,137,5,2,0,2,0,*6,turnetr01
38,Jesse Winker,12,2020,26,CIN,NL,54,183,149,27,38,19,7,0,12,23,1,0,28,46,.255,.388,.544,.932,139,81,3,5,0,1,0,D7/H9,winkeje01
39,Christian Yelich,12,2020,28,MIL,NL,58,247,200,39,41,21,7,1,12,22,4,2,46,76,.205,.356,.430,.786,110,86,4,1,0,0,2,*7/D,yelicch01
40,Brian Anderson,11,2020,27,MIA,NL,59,229,200,27,51,32,7,1,11,38,0,0,22,66,.255,.345,.465,.810,116,93,2,6,0,1,1,*5/34DH,anderbr06
41,Xander Bogaerts,11,2020,27,BOS,AL,56,225,203,36,61,42,8,0,11,28,8,0,21,41,.300,.364,.502,.867,128,102,3,0,0,1,2,*6/HD,bogaexa01
42,Rafael Devers,11,2020,23,BOS,AL,57,248,232,32,61,33,16,1,11,43,0,0,13,67,.263,.310,.483,.793,107,112,8,3,0,0,0,*5/H,deverra01
43,Lourdes Gurriel Jr.,11,2020,26,TOR,AL,57,224,208,28,64,39,14,0,11,33,3,1,14,48,.308,.348,.534,.882,138,111,7,0,0,2,0,*7/HD3,gurrilo01
44,Kyle Lewis,11,2020,24,SEA,AL,58,242,206,37,54,40,3,0,11,28,5,1,34,71,.262,.364,.437,.801,124,90,5,0,0,2,0,*8/DH,lewisky01
45,Salvador Perez,11,2020,30,KCR,AL,37,156,150,22,50,27,12,0,11,32,1,0,3,36,.333,.353,.633,.986,159,95,0,2,0,1,0,2/3D,perezsa02
46,J.T. Realmuto,11,2020,29,PHI,NL,47,195,173,33,46,29,6,0,11,32,4,1,16,48,.266,.349,.491,.840,124,85,3,6,0,0,0,2/D3H,realmjt01
47,Anthony Rizzo,11,2020,30,CHC,NL,58,243,203,26,45,28,6,0,11,24,3,1,28,38,.222,.342,.414,.755,103,84,6,10,0,2,4,*3/DH,rizzoan01
48,Luis Robert Jr.,11,2020,22,CHW,AL,56,227,202,33,47,28,8,0,11,31,9,2,20,73,.233,.302,.436,.738,100,88,4,1,0,2,0,*8/H,roberlu01
49,Anthony Santander,11,2020,25,BAL,AL,37,165,153,24,40,15,13,1,11,32,0,1,10,25,.261,.315,.575,.890,135,88,2,2,0,0,3,9/7D,santaan02
50,Kyle Schwarber,11,2020,27,CHC,NL,59,224,191,30,36,19,6,0,11,24,1,0,30,66,.188,.308,.393,.701,88,75,3,3,0,0,1,*7/DH,schwaky01
51,Trevor Story,11,2020,27,COL,NL,59,259,235,41,68,40,13,4,11,28,15,3,24,63,.289,.355,.519,.874,120,122,5,0,0,0,1,*6/D,storytr01
52,Joey Votto,11,2020,36,CIN,NL,54,223,186,32,42,23,8,0,11,22,0,0,37,43,.226,.354,.446,.800,107,83,5,0,0,0,1,*3/D,vottojo01
53,Tim Anderson,10,2020,27,CHW,AL,49,221,208,45,67,45,11,1,10,21,5,2,10,50,.322,.357,.529,.886,140,110,4,2,0,1,0,*6,anderti01
54,Miguel Cabrera,10,2020,37,DET,AL,57,231,204,28,51,37,4,0,10,35,1,0,24,51,.250,.329,.417,.746,104,85,3,1,0,2,1,*D/H,cabremi01
55,Robinson Canó,10,2020,37,NYM,NL,49,182,171,23,54,35,9,0,10,30,0,0,9,24,.316,.352,.544,.896,143,93,7,1,0,1,1,4D/H,canoro01
56,Matt Chapman,10,2020,27,OAK,AL,37,152,142,22,33,12,9,2,10,25,0,0,8,54,.232,.276,.535,.812,120,76,2,1,0,1,0,5/6,chapmma01
57,Trent Grisham,10,2020,23,SDP,NL,59,252,215,42,54,33,8,3,10,26,10,1,31,64,.251,.352,.456,.808,123,98,1,3,1,1,0,*8/H,grishtr01
58,Alex Dickerson,10,2020,30,SFG,NL,52,170,151,28,45,24,10,1,10,27,0,0,16,30,.298,.371,.576,.947,156,87,5,2,0,1,2,*7H/9D,dickeal01
59,Edwin Encarnación,10,2020,37,CHW,AL,44,181,159,19,25,10,5,0,10,19,0,0,16,54,.157,.250,.377,.627,70,60,3,4,0,1,0,*D/H,encared01
60,Joey Gallo,10,2020,26,TEX,AL,57,226,193,23,35,17,8,0,10,26,2,0,29,79,.181,.301,.378,.679,87,73,0,4,0,0,2,*9/DH8,gallojo01
61,Didi Gregorius,10,2020,30,PHI,NL,60,237,215,34,61,39,10,2,10,40,3,2,15,28,.284,.339,.488,.827,120,105,4,4,1,2,3,*6/H,gregodi01
62,Rhys Hoskins,10,2020,27,PHI,NL,41,185,151,35,37,18,9,0,10,26,1,0,29,43,.245,.384,.503,.887,138,76,4,5,0,0,0,3/D,hoskirh01
63,DJ LeMahieu,10,2020,31,NYY,AL,50,216,195,41,71,49,10,2,10,27,3,0,18,21,.364,.421,.590,1.011,178,115,3,2,0,1,0,435/HD,lemahdj01
64,Andrew McCutchen,10,2020,33,PHI,NL,57,241,217,32,55,36,9,0,10,34,4,0,22,48,.253,.324,.433,.757,102,94,4,1,0,1,0,7D/H,mccutan01
65,Colin Moran,10,2020,27,PIT,NL,52,200,178,28,44,24,10,0,10,23,0,0,19,52,.247,.325,.472,.797,114,84,9,2,0,1,0,D3/5H,moranco01
66,Mitch Moreland,10,2020,34,BOSSDP,ALNL,42,152,136,22,36,17,9,0,10,29,0,0,15,32,.265,.342,.551,.894,138,75,0,1,0,0,2,3/HD,morelmi01
67,Rougned Odor,10,2020,26,TEX,AL,38,148,138,15,23,9,4,0,10,30,0,1,7,47,.167,.209,.413,.623,66,57,2,1,0,2,0,4/D,odorro01
68,Gary Sánchez,10,2020,27,NYY,AL,49,178,156,19,23,9,4,0,10,24,0,0,18,64,.147,.253,.365,.618,70,57,6,4,0,0,0,*2/DH,sanchga02
69,Dominic Smith,10,2020,25,NYM,NL,50,199,177,27,56,24,21,1,10,42,0,0,14,45,.316,.377,.616,.993,168,109,2,5,0,3,0,37/DH,smithdo02
70,Dansby Swanson,10,2020,26,ATL,NL,60,264,237,49,65,40,15,0,10,35,5,0,22,71,.274,.345,.464,.809,111,110,0,4,0,1,0,*6,swansda01
71,Mike Yastrzemski,10,2020,29,SFG,NL,54,225,192,39,57,29,14,4,10,35,2,1,30,55,.297,.400,.568,.968,164,109,2,3,0,0,2,*98/7H,yastrmi01
72,Brandon Belt,9,2020,32,SFG,NL,51,179,149,25,46,23,13,1,9,30,0,0,30,36,.309,.425,.591,1.015,177,88,5,0,0,0,1,*3/HD,beltbr01
73,Michael Conforto,9,2020,27,NYM,NL,54,233,202,40,65,44,12,0,9,31,3,3,24,57,.322,.412,.515,.927,154,104,6,7,0,0,0,*9/DH,confomi01
74,Travis d'Arnaud,9,2020,31,ATL,NL,44,184,165,19,53,36,8,0,9,34,1,0,16,50,.321,.386,.533,.919,139,88,8,2,0,1,0,2/DH,darnatr01
75,Vladimir Guerrero Jr.,9,2020,21,TOR,AL,60,243,221,34,58,34,13,2,9,33,1,0,20,38,.262,.329,.462,.791,115,102,6,2,0,0,1,3D/H,guerrvl02
76,Jedd Gyorko,9,2020,31,MIL,NL,42,135,117,19,29,17,3,0,9,17,0,0,15,38,.248,.333,.504,.838,120,59,4,1,0,2,1,35/H1D,gyorkje01
77,Eric Hosmer,9,2020,30,SDP,NL,38,156,143,23,41,26,6,0,9,36,4,0,9,28,.287,.333,.517,.851,132,74,3,2,0,2,0,3/DH,hosmeer01
78,Aaron Judge,9,2020,28,NYY,AL,28,114,101,23,26,14,3,0,9,22,0,1,10,32,.257,.336,.554,.891,143,56,5,2,0,0,0,9/DH,judgeaa01
79,Max Kepler,9,2020,27,MIN,AL,48,196,171,27,39,21,9,0,9,23,3,0,22,36,.228,.321,.439,.760,109,75,1,2,0,1,0,*9/8HD,keplema01
80,Ryan McMahon,9,2020,25,COL,NL,52,193,172,23,37,21,6,1,9,26,0,1,18,66,.215,.295,.419,.714,80,72,4,2,0,1,0,453/H6,mcmahry01
81,Whit Merrifield,9,2020,31,KCR,AL,60,265,248,38,70,49,12,0,9,30,12,3,12,33,.282,.325,.440,.764,105,109,3,4,0,1,0,*984/73,merriwh01
82,Anthony Rendon,9,2020,30,LAA,AL,52,232,189,29,54,33,11,1,9,31,0,0,38,31,.286,.418,.497,.915,150,94,10,5,0,0,2,*5,rendoan01
83,Franmil Reyes,9,2020,24,CLE,AL,59,241,211,27,58,39,10,0,9,34,0,0,24,69,.275,.344,.450,.795,116,95,6,1,0,5,0,*D/7H,reyesfr01
84,Rio Ruiz,9,2020,26,BAL,AL,54,204,185,25,41,21,11,0,9,32,1,2,17,46,.222,.286,.427,.713,90,79,4,0,1,1,1,*5/H47,ruizri01
85,Kyle Seager,9,2020,32,SEA,AL,60,248,203,35,49,28,12,0,9,40,5,0,32,33,.241,.355,.433,.788,121,88,4,7,0,6,3,*5/DH,seageky01
86,Kyle Tucker,9,2020,23,HOU,AL,58,228,209,33,56,29,12,6,9,42,8,1,18,46,.268,.325,.512,.837,124,107,2,0,0,1,2,*7D/9H,tuckeky01
87,Justin Upton,9,2020,32,LAA,AL,42,166,147,20,30,16,5,0,9,22,0,2,11,43,.204,.289,.422,.711,92,62,6,7,0,1,0,7/D,uptonju01
88,Jared Walsh,9,2020,26,LAA,AL,32,108,99,19,29,14,4,2,9,26,0,0,5,15,.293,.324,.646,.971,157,64,0,1,0,3,0,3/H9D,walshja01
89,Willy Adames,8,2020,24,TBR,AL,54,205,185,29,48,24,15,1,8,23,2,1,20,74,.259,.332,.481,.813,126,89,4,0,0,0,0,*6/H,adamewi01
90,Jesús Aguilar,8,2020,30,MIA,NL,51,216,188,31,52,34,10,0,8,34,0,1,23,40,.277,.352,.457,.809,117,86,5,1,0,4,0,3D/5H,aguilje01
91,Nolan Arenado,8,2020,29,COL,NL,48,201,182,23,46,29,9,0,8,26,0,0,15,20,.253,.303,.434,.738,86,79,7,0,0,4,3,*5,arenano01
92,Javier Báez,8,2020,27,CHC,NL,59,235,222,27,45,27,9,1,8,24,3,0,7,75,.203,.238,.360,.599,59,80,8,4,0,2,0,*6/7DH,baezja01
93,Josh Bell,8,2020,27,PIT,NL,57,223,195,22,44,33,3,0,8,22,0,0,22,59,.226,.305,.364,.669,82,71,3,2,0,4,4,3D/H,belljo02
94,Cavan Biggio,8,2020,25,TOR,AL,59,265,220,41,55,31,16,0,8,28,6,0,41,61,.250,.375,.432,.807,122,95,2,3,0,0,0,495/8H7D,biggica01
95,Ryan Braun,8,2020,36,MIL,NL,39,141,129,14,30,14,7,1,8,26,1,0,7,27,.233,.281,.488,.769,101,63,6,2,0,1,0,9D/H3,braunry02
96,Asdrúbal Cabrera,8,2020,34,WSN,NL,52,213,190,23,46,26,9,3,8,31,0,0,19,40,.242,.305,.447,.753,101,85,6,0,0,4,0,35D/H,cabreas01
97,Brandon Crawford,8,2020,33,SFG,NL,54,193,172,26,44,24,12,0,8,28,1,2,15,47,.256,.326,.465,.792,115,80,3,4,0,2,2,*6/H,crawfbr01
98,Bobby Dalbec,8,2020,25,BOS,AL,23,92,80,13,21,10,3,0,8,16,0,0,10,39,.263,.359,.600,.959,149,48,0,2,0,0,0,3/5D,dalbebo01
99,Maikel Franco,8,2020,27,KCR,AL,60,243,223,23,62,38,16,0,8,38,1,0,16,38,.278,.321,.457,.778,108,102,4,0,0,4,1,*5/D3,francma02
100,Clint Frazier,8,2020,25,NYY,AL,39,160,131,24,35,20,6,1,8,26,3,0,25,44,.267,.394,.511,.905,150,67,5,3,0,1,0,9/7D,frazicl01
101,Yasmani Grandal,8,2020,31,CHW,AL,46,194,161,27,37,22,7,0,8,27,0,0,30,58,.230,.351,.422,.773,112,68,4,1,0,2,0,2/D3H,grandya01
102,Robbie Grossman,8,2020,30,OAK,AL,51,192,166,23,40,18,12,2,8,23,8,1,21,38,.241,.344,.482,.826,128,80,1,5,0,0,2,*7/H8D9,grossro01
103,Francisco Lindor,8,2020,26,CLE,AL,60,266,236,30,61,40,13,0,8,27,6,2,24,41,.258,.335,.415,.750,104,98,8,4,0,2,2,*6/D,lindofr01
104,Dylan Moore,8,2020,27,SEA,AL,38,159,137,26,35,18,9,0,8,17,12,5,14,43,.255,.358,.496,.855,138,68,4,8,0,0,0,794/3658H,mooredy01
105,Mike Moustakas,8,2020,31,CIN,NL,44,163,139,13,32,15,9,0,8,27,1,0,18,36,.230,.331,.468,.799,105,65,5,4,0,2,1,43/D5H,moustmi01
106,Brandon Nimmo,8,2020,27,NYM,NL,55,225,186,33,52,33,8,3,8,18,1,2,33,43,.280,.404,.484,.888,145,90,1,6,0,0,0,*879/H,nimmobr01
107,Hunter Renfroe,8,2020,28,TBR,AL,42,139,122,18,19,6,5,0,8,22,2,0,14,37,.156,.252,.393,.645,79,48,3,2,0,1,0,9/H3D,renfrhu01
108,Austin Riley,8,2020,23,ATL,NL,51,206,188,24,45,29,7,1,8,27,0,0,16,49,.239,.301,.415,.716,86,78,5,1,0,1,1,*5/37,rileyau01
109,Edwin Ríos,8,2020,26,LAD,NL,32,83,76,13,19,5,6,0,8,17,0,0,4,18,.250,.301,.645,.946,147,49,2,2,0,1,0,5/H3D,riosed01
110,Carlos Santana,8,2020,34,CLE,AL,60,255,206,34,41,26,7,0,8,30,0,0,47,43,.199,.349,.350,.699,93,72,5,1,0,1,1,*3,santaca01
111,Jonathan Schoop,8,2020,28,DET,AL,44,177,162,26,45,31,4,2,8,23,0,0,8,39,.278,.324,.475,.799,116,77,8,4,0,2,0,*4,schoojo01
112,Will Smith,8,2020,25,LAD,NL,37,137,114,23,33,16,9,0,8,25,0,0,20,22,.289,.401,.579,.980,162,66,2,2,0,1,1,2/DH,smithwi05
113,Jorge Soler,8,2020,28,KCR,AL,43,174,149,17,34,18,8,0,8,24,0,0,19,60,.228,.326,.443,.769,106,66,3,3,0,1,0,D/9H,solerjo01
114,Chris Taylor,8,2020,29,LAD,NL,56,214,185,30,50,30,10,2,8,32,3,2,26,55,.270,.366,.476,.842,127,88,3,2,1,0,0,674/8DH,tayloch03
115,Rowdy Tellez,8,2020,25,TOR,AL,35,127,113,20,32,19,5,0,8,23,0,1,11,20,.283,.346,.540,.886,139,61,1,1,0,2,1,3D/H,tellero01
116,Yoshi Tsutsugo,8,2020,28,TBR,AL,51,185,157,27,31,17,5,1,8,24,0,0,26,50,.197,.314,.395,.708,99,62,5,1,0,1,1,D75/H,tsutsyo01
117,Pat Valaika,8,2020,27,BAL,AL,52,150,141,24,39,27,4,0,8,16,0,2,8,34,.277,.315,.475,.791,111,67,3,0,1,0,0,634/H579,valaipa01
118,Evan White,8,2020,24,SEA,AL,54,202,182,19,32,17,7,0,8,26,1,2,18,84,.176,.252,.346,.599,66,63,3,1,0,1,0,*3/H,whiteev01
119,Randy Arozarena,7,2020,25,TBR,AL,23,76,64,15,18,9,2,0,7,11,4,0,6,22,.281,.382,.641,1.022,182,41,2,5,0,1,0,7/DH98,arozara01
120,David Bote,7,2020,27,CHC,NL,45,145,125,15,25,14,3,1,7,29,2,0,17,40,.200,.303,.408,.711,90,51,6,2,0,1,0,5/4HD3,boteda01
121,Jackie Bradley Jr.,7,2020,30,BOS,AL,55,217,191,32,54,36,11,0,7,22,5,2,23,48,.283,.364,.450,.814,116,86,2,2,0,1,1,*8,bradlja02
122,Jeimer Candelario,7,2020,26,DET,AL,52,206,185,30,55,34,11,3,7,29,1,1,20,49,.297,.369,.503,.872,137,93,3,1,0,0,0,*35/H,candeje01
123,Willson Contreras,7,2020,28,CHC,NL,57,225,189,37,46,29,10,0,7,26,1,2,20,57,.243,.356,.407,.763,106,77,6,14,0,2,1,*2D,contrwi01
124,Corey Dickerson,7,2020,31,MIA,NL,52,210,194,25,50,37,5,1,7,17,1,1,15,35,.258,.311,.402,.713,91,78,5,0,0,0,1,*7/D9H,dickeco01
125,Adam Frazier,7,2020,28,PIT,NL,58,230,209,22,48,34,7,0,7,23,1,3,17,35,.230,.297,.364,.661,79,76,3,3,1,0,0,*47/HD,fraziad01
126,Freddy Galvis,7,2020,30,CIN,NL,47,159,141,18,31,19,5,0,7,16,1,1,13,30,.220,.308,.404,.712,84,57,5,5,0,0,0,64/H,galvifr01
127,Evan Longoria,7,2020,34,SFG,NL,53,209,193,26,49,31,10,1,7,28,0,1,11,39,.254,.297,.425,.722,96,82,10,2,0,3,0,*5/H,longoev01
128,J.D. Martinez,7,2020,32,BOS,AL,54,237,211,22,45,22,16,0,7,27,1,0,22,59,.213,.291,.389,.680,79,82,6,2,0,2,3,*D/97,martijd02
129,James McCann,7,2020,30,CHW,AL,31,111,97,20,28,18,3,0,7,15,1,1,8,30,.289,.360,.536,.896,143,52,2,4,0,2,0,2/H,mccanja02
130,Brad Miller,7,2020,30,STL,NL,48,171,142,21,33,17,8,1,7,25,1,0,25,46,.232,.357,.451,.807,122,64,2,3,0,1,1,D5/H64,millebr02
131,Sean Murphy,7,2020,25,OAK,AL,43,140,116,21,27,15,5,0,7,14,0,0,24,37,.233,.364,.457,.821,129,53,6,0,0,0,0,*2/H,murphse01
132,Austin Nola,7,2020,30,SDPSEA,ALNL,48,184,161,24,44,27,9,1,7,28,0,0,18,34,.273,.353,.472,.825,129,76,3,3,0,2,1,*2/DH35,nolaau01
133,Tyler O'Neill,7,2020,25,STL,NL,50,157,139,20,24,12,5,0,7,19,3,1,15,43,.173,.261,.360,.621,70,50,3,2,0,1,0,*7/HD,oneilty01
134,Shohei Ohtani,7,2020,25,LAA,AL,44,175,153,23,29,16,6,0,7,24,7,1,22,50,.190,.291,.366,.657,79,56,3,0,0,0,0,D/H1,ohtansh01
135,Joc Pederson,7,2020,28,LAD,NL,43,138,121,21,23,12,4,0,7,16,1,0,11,34,.190,.285,.397,.681,83,48,5,5,0,0,0,7D/9H,pederjo01
136,Gregory Polanco,7,2020,28,PIT,NL,50,174,157,12,24,11,6,0,7,22,3,1,13,65,.153,.214,.325,.539,44,51,1,0,0,3,0,9/DH,polangr01
137,Jurickson Profar,7,2020,27,SDP,NL,56,202,180,28,50,37,6,0,7,25,7,1,15,28,.278,.343,.428,.771,114,77,1,4,1,2,0,74/H938D,profaju01
138,Bryan Reynolds,7,2020,25,PIT,NL,55,208,185,24,35,20,6,2,7,19,1,1,21,57,.189,.275,.357,.632,71,66,2,1,0,0,0,*78/HD,reynobr01
139,Jean Segura,7,2020,30,PHI,NL,54,217,192,28,51,37,5,2,7,25,2,2,23,45,.266,.347,.422,.769,107,81,6,1,1,0,2,45/6D,segurje01
140,Marcus Semien,7,2020,29,OAK,AL,53,236,211,28,47,30,9,1,7,23,4,0,25,50,.223,.305,.374,.679,89,79,3,0,0,0,0,*6,semiema01
141,Max Stassi,7,2020,29,LAA,AL,31,105,90,12,25,16,2,0,7,20,0,0,11,21,.278,.352,.533,.886,138,48,5,1,0,3,0,2/H,stassma01
142,DJ Stewart,7,2020,26,BAL,AL,31,112,88,13,17,8,2,0,7,15,0,0,20,38,.193,.355,.455,.809,118,40,0,2,2,0,0,97/H,stewadj01
143,Christian Vázquez,7,2020,29,BOS,AL,47,189,173,22,49,33,9,0,7,23,4,3,16,43,.283,.344,.457,.801,111,79,6,0,0,0,0,*2/D4H,vazquch01
144,Christian Walker,7,2020,29,ARI,NL,57,243,218,35,59,33,18,1,7,34,1,1,19,50,.271,.333,.459,.792,112,100,6,3,0,3,0,*3D/H,walkech02
145,Ozzie Albies,6,2020,23,ATL,NL,29,124,118,21,32,21,5,0,6,19,3,1,5,30,.271,.306,.466,.773,100,55,0,1,0,0,0,4/H,albieoz01
146,Charlie Blackmon,6,2020,33,COL,NL,59,247,221,31,67,48,12,1,6,42,2,1,19,44,.303,.356,.448,.804,104,99,4,2,0,5,4,*9/D,blackch02
147,Alex Bregman,6,2020,26,HOU,AL,42,180,153,19,37,18,12,1,6,22,0,0,24,26,.242,.350,.451,.801,117,69,2,2,0,1,1,*5/H,bregmal01
148,Jay Bruce,6,2020,33,PHI,NL,32,103,96,11,19,7,4,2,6,14,0,0,7,24,.198,.252,.469,.721,89,45,1,0,0,0,1,7D/H93,bruceja01
149,Curt Casali,6,2020,31,CIN,NL,31,93,76,10,17,8,3,0,6,8,2,0,14,29,.224,.366,.500,.866,123,38,2,3,0,0,0,2/HD,casalcu01
150,Willi Castro,6,2020,23,DET,AL,36,140,129,21,45,33,4,2,6,24,0,1,7,38,.349,.381,.550,.932,153,71,0,1,1,2,0,6/54DH,castrwi01
151,Garrett Cooper,6,2020,29,MIA,NL,34,133,120,20,34,20,8,0,6,20,0,0,11,31,.283,.353,.500,.853,127,60,5,2,0,0,0,D3/H,coopega03
152,J.D. Davis,6,2020,27,NYM,NL,56,229,190,26,47,32,9,0,6,19,0,0,31,56,.247,.371,.389,.761,111,74,8,7,0,1,1,5D/7H,davisjd01
153,Josh Donaldson,6,2020,34,MIN,AL,28,102,81,14,18,10,2,0,6,11,0,0,18,24,.222,.373,.469,.842,132,38,4,2,0,1,1,5/H,donaljo02
154,Hunter Dozier,6,2020,28,KCR,AL,44,186,158,29,36,24,4,2,6,12,4,0,27,48,.228,.344,.392,.736,99,62,3,1,0,0,0,39/75,doziehu01
155,Paul Goldschmidt,6,2020,32,STL,NL,58,231,191,31,58,39,13,0,6,21,1,0,37,43,.304,.417,.466,.883,145,89,4,1,0,1,0,*3/D,goldspa01
156,Brian Goodwin,6,2020,29,CINLAA,ALNL,50,164,144,17,31,15,9,1,6,22,5,0,17,54,.215,.299,.417,.715,90,60,1,1,0,2,1,*879/HD,goodwbr01
157,Yuli Gurriel,6,2020,36,HOU,AL,57,230,211,27,49,30,12,1,6,22,0,1,12,27,.232,.274,.384,.658,77,81,6,2,0,5,0,*3/DH,gourryu01
158,Jason Heyward,6,2020,30,CHC,NL,50,181,147,20,39,25,6,2,6,22,2,0,30,37,.265,.392,.456,.848,129,67,1,2,0,2,1,*9/H,heywaja01
159,Aaron Hicks,6,2020,30,NYY,AL,54,211,169,28,38,20,10,2,6,21,4,1,41,38,.225,.379,.414,.793,122,70,4,1,0,0,1,*8/HD,hicksaa01
160,Sam Hilliard,6,2020,26,COL,NL,36,114,105,13,22,12,2,2,6,10,3,0,9,42,.210,.272,.438,.710,77,46,0,0,0,0,0,798/HD,hillisa01
161,Danny Jansen,6,2020,25,TOR,AL,43,147,120,18,22,13,3,0,6,20,0,0,21,31,.183,.313,.358,.671,85,43,1,2,3,1,0,*2/H,janseda01
162,Matt Kemp,6,2020,35,COL,NL,43,132,117,18,28,19,3,0,6,21,1,0,15,41,.239,.326,.419,.745,89,49,5,0,0,0,1,DH/7,kempma01
163,Ramón Laureano,6,2020,25,OAK,AL,54,222,183,27,39,24,8,1,6,25,2,1,24,58,.213,.338,.366,.704,98,67,7,12,0,3,0,*8/D,laurera01
164,Martín Maldonado,6,2020,33,HOU,AL,47,165,135,19,29,19,4,0,6,24,1,0,27,51,.215,.350,.378,.727,99,51,2,1,2,0,0,*2,maldoma01
165,José Marmolejos,6,2020,27,SEA,AL,35,115,107,12,22,12,4,0,6,18,0,1,7,32,.206,.261,.411,.672,85,44,2,1,0,0,0,7D/3H9,marmojo01
166,Starling Marte,6,2020,31,ARIMIA,NL,61,250,228,36,64,43,14,1,6,27,10,2,12,41,.281,.340,.430,.770,107,98,5,9,0,1,1,*8/7H,martest01
167,Ryan McBroom,6,2020,28,KCR,AL,36,85,81,8,20,11,3,0,6,10,0,0,4,30,.247,.282,.506,.789,107,41,2,0,0,0,0,H3/D79,mcbrory01
168,Yoán Moncada,6,2020,25,CHW,AL,52,231,200,28,45,28,8,3,6,24,0,0,28,72,.225,.320,.385,.705,94,77,1,1,0,2,0,*5/H,moncayo01
169,Adalberto Mondesí,6,2020,24,KCR,AL,59,233,219,33,56,36,11,3,6,22,24,8,11,70,.256,.294,.416,.710,90,91,4,1,2,0,0,*6,mondera02
170,Kevin Pillar,6,2020,31,BOSCOL,ALNL,54,223,208,34,60,39,12,3,6,26,5,2,13,41,.288,.336,.462,.798,106,96,4,2,0,0,1,*89/HD7,pillake01
171,Albert Pujols,6,2020,40,LAA,AL,39,163,152,15,34,20,8,0,6,25,0,0,9,25,.224,.270,.395,.665,79,60,4,1,0,1,1,3D/H,pujolal01
172,Travis Shaw,6,2020,30,TOR,AL,50,180,163,17,39,23,10,0,6,17,0,0,16,50,.239,.306,.411,.717,95,67,4,0,0,1,0,53/HD,shawtr01
173,Gio Urshela,6,2020,28,NYY,AL,43,174,151,24,45,28,11,0,6,30,1,0,18,25,.298,.368,.490,.858,137,74,6,1,0,4,0,*5/H,urshegi01
174,Alex Verdugo,6,2020,24,BOS,AL,53,221,201,36,62,40,16,0,6,15,4,0,17,45,.308,.367,.478,.844,123,96,4,2,0,1,1,*97/H8D,verdual01
175,Daniel Vogelbach,6,2020,27,MILSEATOR,ALNL,39,136,115,16,24,15,3,0,6,16,0,0,20,33,.209,.331,.391,.722,98,45,3,1,0,0,1,D/H3,vogelda01
176,Nick Ahmed,5,2020,30,ARI,NL,57,217,199,29,53,37,10,1,5,29,4,0,18,46,.266,.327,.402,.729,97,80,3,0,0,0,0,*6/H,ahmedni01
177,Jose Altuve,5,2020,30,HOU,AL,48,210,192,32,42,28,9,0,5,18,2,3,17,39,.219,.286,.344,.629,71,66,5,1,0,0,0,*4,altuvjo01
178,Orlando Arcia,5,2020,25,MIL,NL,59,189,173,22,45,29,10,1,5,20,2,0,14,32,.260,.317,.416,.734,95,72,10,1,0,1,0,*6/H18,arciaor01
179,Tucker Barnhart,5,2020,29,CIN,NL,38,110,98,10,20,12,3,0,5,13,0,0,12,28,.204,.291,.388,.679,75,38,2,0,0,0,0,2/3H,barnhtu01
180,Bo Bichette,5,2020,22,TOR,AL,29,128,123,18,37,22,9,1,5,23,4,1,5,27,.301,.328,.512,.840,127,63,2,0,0,0,1,6/D,bichebo01
181,Michael Brantley,5,2020,33,HOU,AL,46,187,170,24,51,31,15,0,5,22,2,0,17,28,.300,.364,.476,.840,127,81,3,0,0,0,0,D7/H,brantmi02
182,Mike Brosseau,5,2020,26,TBR,AL,36,98,86,12,26,15,5,1,5,12,2,0,8,31,.302,.378,.558,.936,160,48,1,3,0,1,0,35/4H719D,brossmi01
183,Mark Canha,5,2020,31,OAK,AL,59,243,191,32,47,28,12,2,5,33,4,0,37,54,.246,.387,.408,.795,124,78,2,10,0,5,1,D97/83,canhama01
184,Michael Chavis,5,2020,24,BOS,AL,42,158,146,16,31,19,5,2,5,19,3,0,8,50,.212,.259,.377,.636,67,55,6,2,0,2,0,37/4DH,chavimi01
185,Shin-Soo Choo,5,2020,37,TEX,AL,33,127,110,13,26,18,3,0,5,15,6,2,13,33,.236,.323,.400,.723,99,44,1,2,0,2,1,7D/9H,choosh01
186,Carlos Correa,5,2020,25,HOU,AL,58,221,201,22,53,39,9,0,5,25,0,0,16,49,.264,.326,.383,.709,93,77,4,3,0,1,2,*6/H,correca01
187,Derek Dietrich,5,2020,30,TEX,AL,25,75,61,9,12,6,1,0,5,8,1,1,9,21,.197,.347,.459,.806,121,28,4,5,0,0,0,/D3H45,dietrde01
188,Tommy Edman,5,2020,25,STL,NL,55,227,204,29,51,38,7,1,5,26,2,4,16,48,.250,.317,.368,.685,90,75,5,5,0,2,0,569/47H,edmanto01
189,Brett Gardner,5,2020,36,NYY,AL,49,158,130,20,29,18,5,1,5,15,3,3,26,35,.223,.354,.392,.747,109,51,0,1,0,1,0,*78/HD,gardnbr01
190,Marwin González,5,2020,31,MIN,AL,53,199,175,15,37,28,4,0,5,22,0,0,17,41,.211,.286,.320,.606,69,56,1,3,0,4,0,543/9H,gonzama01
191,Niko Goodrum,5,2020,28,DET,AL,43,179,158,15,29,16,7,1,5,20,7,1,18,69,.184,.263,.335,.598,63,53,4,0,0,3,0,64/H,goodrni01
192,Garrett Hampson,5,2020,25,COL,NL,53,184,167,25,39,27,4,3,5,11,6,1,13,60,.234,.287,.383,.671,70,64,1,0,3,1,0,48/H76D,hampsga01
193,Ke'Bryan Hayes,5,2020,23,PIT,NL,24,95,85,17,32,18,7,2,5,11,1,0,9,20,.376,.442,.682,1.124,201,58,2,1,0,0,2,5,hayeske01
194,Kiké Hernández,5,2020,28,LAD,NL,48,148,139,20,32,18,8,1,5,20,0,1,6,31,.230,.270,.410,.680,81,57,5,2,0,1,0,4H/97836D,hernaen02
195,JaCoby Jones,5,2020,28,DET,AL,30,108,97,19,26,12,9,0,5,14,1,1,7,34,.268,.333,.515,.849,129,50,1,3,0,1,0,8/H,jonesja07
196,Carson Kelly,5,2020,25,ARI,NL,39,129,122,11,27,17,5,0,5,19,0,0,6,29,.221,.264,.385,.649,73,47,4,1,0,0,0,2/H1D,kellyca02
197,Tommy La Stella,5,2020,31,LAAOAK,AL,55,228,196,31,55,34,14,2,5,25,1,0,27,12,.281,.370,.449,.819,126,88,6,2,1,2,0,43/D5H,lasteto01
198,Ryan Mountcastle,5,2020,23,BAL,AL,35,140,126,12,42,32,5,0,5,23,0,1,11,30,.333,.386,.492,.878,137,62,2,1,0,2,0,73/DH,mountry01
199,David Peralta,5,2020,32,ARI,NL,54,218,203,19,61,45,10,1,5,34,1,0,13,45,.300,.339,.433,.773,108,88,4,0,0,2,0,*7/DH,peralda01
200,Stephen Piscotty,5,2020,29,OAK,AL,45,171,159,17,36,25,6,0,5,29,4,0,9,53,.226,.271,.358,.629,75,57,4,1,1,1,0,*9/H,piscost01
