Rk,Player,HR,Season,Age,Team,Lg,G,PA,AB,R,H,1B,2B,3B,HR,RBI,SB,CS,BB,SO,BA,OBP,SLG,OPS,OPS+,TB,GIDP,HBP,SH,SF,IBB,Pos,Player-additional
1,Aaron Judge,58,2024,32,NYY,AL,158,704,559,122,180,85,36,1,58,144,10,0,133,171,.322,.458,.701,1.159,225,392,22,9,0,2,20,*8D/97,judgeaa01
2,Shohei Ohtani,54,2024,29,LAD,NL,159,731,636,134,197,98,38,7,54,130,59,4,81,162,.310,.390,.646,1.036,187,411,7,6,0,5,10,*D,ohtansh01
3,Anthony Santander,44,2024,29,BAL,AL,155,665,595,91,140,69,25,2,44,102,2,0,58,129,.235,.308,.506,.814,131,301,9,7,0,5,3,*9D/3H,santaan02
4,Juan Soto,41,2024,25,NYY,AL,157,713,576,128,166,90,31,4,41,109,7,4,129,119,.288,.419,.569,.989,179,328,10,4,0,4,2,*9/7DH,sotoju01
5,Marcell Ozuna,39,2024,33,ATL,NL,162,688,606,96,183,113,31,0,39,104,1,0,74,170,.302,.378,.546,.925,154,331,23,3,0,4,2,*D,ozunama01
6,José Ramírez,39,2024,31,CLE,AL,158,682,620,114,173,93,39,2,39,118,41,7,54,82,.279,.335,.537,.872,143,333,9,1,0,6,12,*5D,ramirjo01
7,Brent Rooker,39,2024,29,OAK,AL,145,614,546,82,160,93,26,2,39,112,11,3,59,177,.293,.365,.562,.927,165,307,5,5,0,4,4,*D/79H,rookebr01
8,Kyle Schwarber,38,2024,31,PHI,NL,150,692,573,110,142,82,22,0,38,104,5,3,106,197,.248,.366,.485,.851,134,278,6,5,0,8,4,*D/7H,schwaky01
9,Gunnar Henderson,37,2024,23,BAL,AL,159,719,630,118,177,102,31,7,37,92,21,4,78,159,.281,.364,.529,.893,155,333,2,7,0,4,1,*6/D,hendegu01
10,Ketel Marte,36,2024,30,ARI,NL,136,583,504,93,147,86,23,2,36,95,7,1,65,106,.292,.372,.560,.932,154,282,9,5,0,9,7,*4D/H6,marteke01
11,Yordan Alvarez,35,2024,27,HOU,AL,147,635,552,88,170,99,34,2,35,86,6,0,69,95,.308,.392,.567,.959,170,313,14,10,0,4,16,D7,alvaryo01
12,Pete Alonso,34,2024,29,NYM,NL,162,695,608,91,146,81,31,0,34,88,3,0,70,172,.240,.329,.459,.788,122,279,14,13,0,4,4,*3/DH,alonspe01
13,Cal Raleigh,34,2024,27,SEA,AL,153,628,546,73,120,70,16,0,34,100,6,1,70,176,.220,.312,.436,.748,118,238,7,6,0,6,4,*2D/H,raleica01
14,Teoscar Hernández,33,2024,31,LAD,NL,154,652,589,84,160,93,32,2,33,99,12,3,53,188,.272,.339,.501,.840,135,295,7,8,0,1,3,*79,hernate01
15,Francisco Lindor,33,2024,30,NYM,NL,152,689,618,107,169,96,39,1,33,91,29,4,56,127,.273,.344,.500,.844,137,309,7,12,0,3,0,*6/DH,lindofr01
16,Willy Adames,32,2024,28,MIL,NL,161,688,610,93,153,88,33,0,32,112,21,4,74,173,.251,.331,.462,.794,119,282,12,1,0,3,3,*6,adamewi01
17,Bobby Witt Jr.,32,2024,24,KCR,AL,161,709,636,125,211,123,45,11,32,109,31,12,57,106,.332,.389,.588,.977,174,374,4,8,0,8,9,*6/D,wittbo02
18,Josh Naylor,31,2024,27,CLE,AL,152,633,563,84,137,79,27,0,31,108,6,2,58,105,.243,.320,.456,.776,118,257,17,7,0,4,7,*3D/H,naylojo01
19,Tyler O'Neill,31,2024,29,BOS,AL,113,473,411,74,99,50,18,0,31,61,4,0,53,159,.241,.336,.511,.847,135,210,13,7,0,2,5,79D/H,oneilty01
20,Vladimir Guerrero Jr.,30,2024,25,TOR,AL,159,697,616,98,199,124,44,1,30,103,2,2,72,96,.323,.396,.544,.940,164,335,16,5,0,4,12,*3D5/H,guerrvl02
21,Bryce Harper,30,2024,31,PHI,NL,145,631,550,85,157,85,42,0,30,87,7,4,76,138,.285,.373,.525,.898,146,289,18,2,1,2,11,*3/D,harpebr03
22,Corey Seager,30,2024,30,TEX,AL,123,533,475,68,132,81,21,0,30,74,1,1,53,96,.278,.353,.512,.864,149,243,8,3,0,2,11,*6D/H,seageco01
23,Eugenio Suárez,30,2024,32,ARI,NL,158,640,571,90,146,86,28,2,30,101,2,1,49,176,.256,.319,.469,.788,115,268,10,9,0,11,0,*5/D,suareeu01
24,Jake Burger,29,2024,28,MIA,NL,137,579,535,68,134,81,23,1,29,76,1,1,31,150,.250,.301,.460,.760,107,246,11,9,0,4,2,35D/H,burgeja01
25,Shea Langeliers,29,2024,26,OAK,AL,137,534,482,58,108,59,18,2,29,80,4,2,41,145,.224,.288,.450,.739,111,217,15,5,0,6,2,*2/HD,langesh01
26,Manny Machado,29,2024,31,SDP,NL,152,643,593,77,163,104,30,0,29,105,11,2,45,124,.275,.325,.472,.797,120,280,25,1,0,4,6,5D/H,machama01
27,Matt Olson,29,2024,30,ATL,NL,162,685,600,78,148,81,37,1,29,98,0,0,71,170,.247,.333,.457,.790,118,274,15,9,0,5,5,*3,olsonma02
28,Rafael Devers,28,2024,27,BOS,AL,138,601,525,87,143,76,34,5,28,83,3,0,67,147,.272,.354,.516,.871,142,271,13,3,0,6,14,*5/D,deverra01
29,Matt Chapman,27,2024,31,SFG,NL,154,647,575,98,142,74,39,2,27,78,15,2,64,158,.247,.328,.463,.790,124,266,13,6,0,2,3,*5/H,chapmma01
30,Salvador Perez,27,2024,34,KCR,AL,158,652,590,58,160,105,28,0,27,104,0,0,44,129,.271,.330,.456,.786,122,269,17,11,0,6,9,23D/H,perezsa02
31,Giancarlo Stanton,27,2024,34,NYY,AL,114,459,417,49,97,50,20,0,27,72,0,0,38,143,.233,.298,.475,.773,116,198,17,2,0,2,2,*D/H,stantmi03
32,Mark Vientos,27,2024,24,NYM,NL,111,454,413,58,110,61,22,0,27,71,0,0,33,135,.266,.322,.516,.837,134,213,6,3,0,5,0,5/H3D,vientma01
33,Alex Bregman,26,2024,30,HOU,AL,145,634,581,79,151,93,30,2,26,75,3,1,44,86,.260,.315,.453,.768,116,263,13,5,0,4,1,*5/D,bregmal01
34,Rhys Hoskins,26,2024,31,MIL,NL,131,517,449,59,96,56,14,0,26,82,3,0,53,149,.214,.303,.419,.722,99,188,11,7,0,6,1,3D/H,hoskirh01
35,Ezequiel Tovar,26,2024,22,COL,NL,157,695,655,83,176,101,45,4,26,78,6,5,23,200,.269,.295,.469,.763,100,307,16,4,5,7,1,*6,tovarez01
36,Christian Walker,26,2024,33,ARI,NL,130,552,479,72,120,68,26,0,26,84,2,2,55,133,.251,.335,.468,.803,120,224,12,10,0,8,4,*3/H,walkech02
37,Elly De La Cruz,25,2024,22,CIN,NL,160,696,618,105,160,89,36,10,25,76,67,16,69,218,.259,.339,.471,.809,119,291,12,6,2,1,2,*6/H,delacel01
38,Adolis García,25,2024,31,TEX,AL,154,637,580,68,130,78,27,0,25,85,11,5,45,177,.224,.284,.400,.684,98,232,12,6,0,6,2,*9D/H,garciad02
39,Ian Happ,25,2024,29,CHC,NL,153,657,569,89,138,77,34,2,25,86,13,2,80,168,.243,.341,.441,.782,120,251,7,6,0,2,1,*7/DH,happia01
40,Michael Toglia,25,2024,25,COL,NL,116,458,399,62,87,45,14,3,25,55,10,1,54,147,.218,.311,.456,.767,102,182,7,1,0,3,2,39/7,toglimi01
41,Taylor Ward,25,2024,30,LAA,AL,156,663,585,73,144,91,26,2,25,75,6,4,63,163,.246,.323,.426,.748,110,249,11,7,0,8,0,*7D,wardta01
42,Jazz Chisholm Jr.,24,2024,26,MIANYY,ALNL,147,621,562,74,144,95,21,4,24,73,40,10,53,152,.256,.324,.436,.760,110,245,6,4,0,2,5,85/D4H,chishja01
43,Colton Cowser,24,2024,24,BAL,AL,153,561,499,77,121,70,24,3,24,69,9,4,52,172,.242,.321,.447,.768,120,223,9,7,0,3,2,*789H/D,cowseco01
44,Paul DeJong,24,2024,30,CHWKCR,AL,139,482,445,54,101,60,17,0,24,56,2,2,23,156,.227,.276,.427,.703,97,190,9,9,0,5,0,65H/D,dejonpa01
45,Riley Greene,24,2024,23,DET,AL,137,584,512,82,134,77,27,6,24,74,4,2,64,156,.262,.348,.479,.827,131,245,2,5,0,2,3,7D8/9H,greenri03
46,Jackson Merrill,24,2024,21,SDP,NL,156,593,554,77,162,101,31,6,24,90,16,3,29,101,.292,.326,.500,.826,127,277,2,1,4,5,1,*8/H,merrija01
47,Jurickson Profar,24,2024,31,SDP,NL,158,668,564,94,158,105,29,0,24,85,10,3,76,101,.280,.380,.459,.839,134,259,14,18,5,5,4,*7/D3,profaju01
48,Bryan Reynolds,24,2024,29,PIT,NL,156,692,622,73,171,115,29,3,24,88,10,2,57,156,.275,.344,.447,.791,120,278,7,10,0,3,3,*7D9,reynobr01
49,Nick Castellanos,23,2024,32,PHI,NL,162,659,606,80,154,97,30,4,23,86,6,2,41,139,.254,.311,.431,.742,104,261,14,10,0,2,2,*9/D,casteni01
50,William Contreras,23,2024,26,MIL,NL,155,679,595,99,167,105,37,2,23,92,9,2,78,139,.281,.365,.466,.831,130,277,19,3,0,3,5,*2D/H,contrwi02
51,Brenton Doyle,23,2024,26,COL,NL,149,603,542,82,141,90,24,4,23,72,30,5,46,153,.260,.317,.446,.764,102,242,13,3,4,8,1,*8/DH,doylebr02
52,Zach Neto,23,2024,23,LAA,AL,155,602,542,70,135,77,34,1,23,77,30,10,39,140,.249,.318,.443,.761,112,240,14,16,4,1,1,*6/H,netoza01
53,Brandon Nimmo,23,2024,31,NYM,NL,151,663,571,88,128,77,25,3,23,90,15,0,77,158,.224,.327,.399,.727,106,228,7,12,0,3,1,*78/DH,nimmobr01
54,Joc Pederson,23,2024,32,ARI,NL,132,449,367,62,101,60,17,1,23,64,7,4,55,105,.275,.393,.515,.908,150,189,5,18,1,3,2,*DH,pederjo01
55,Carlos Santana,23,2024,38,MIN,AL,150,594,521,63,124,75,26,0,23,71,4,0,65,99,.238,.328,.420,.749,109,219,11,6,0,2,3,*3/HD,santaca01
56,Marcus Semien,23,2024,33,TEX,AL,159,718,650,101,154,102,27,2,23,74,8,3,64,105,.237,.308,.391,.699,103,254,9,3,0,1,2,*4,semiema01
57,Kyle Tucker,23,2024,27,HOU,AL,78,339,277,56,80,44,13,0,23,49,11,0,56,54,.289,.408,.585,.993,179,162,5,1,0,2,3,9/DH,tuckeky01
58,Lawrence Butler,22,2024,23,OAK,AL,125,451,412,63,108,60,24,2,22,57,18,0,35,108,.262,.317,.490,.807,131,202,8,0,0,4,0,*9H/8,butlela01
59,Corbin Carroll,22,2024,23,ARI,NL,158,684,589,121,136,78,22,14,22,74,35,8,73,130,.231,.322,.428,.749,106,252,3,10,3,9,0,*89/H,carroco02
60,Freddie Freeman,22,2024,34,LAD,NL,147,638,542,81,153,94,35,2,22,89,9,2,78,100,.282,.378,.476,.854,141,258,13,10,0,8,9,*3,freemfr01
61,Paul Goldschmidt,22,2024,36,STL,NL,154,654,599,70,147,91,33,1,22,65,11,0,47,173,.245,.302,.414,.716,100,248,20,2,0,2,2,*3/DH,goldspa01
62,Luke Raley,22,2024,29,SEA,AL,137,455,404,58,98,55,19,2,22,58,11,2,27,135,.243,.320,.463,.783,128,187,2,20,2,2,0,739H/8D,raleylu01
63,Heliot Ramos,22,2024,24,SFG,NL,121,518,475,54,128,80,23,3,22,72,6,1,37,135,.269,.322,.469,.792,124,223,12,2,0,4,2,*87/9DH,ramoshe02
64,Alec Burleson,21,2024,25,STL,NL,152,595,547,71,147,106,20,0,21,78,9,4,35,76,.269,.314,.420,.735,105,230,8,4,1,6,0,D97H3,burleal01
65,Michael Busch,21,2024,26,CHC,NL,152,567,496,73,123,72,28,2,21,65,2,1,63,162,.248,.335,.440,.775,118,218,9,4,0,4,1,*3H/4D5,buschmi02
66,Jackson Chourio,21,2024,20,MIL,NL,148,573,528,80,145,91,29,4,21,79,22,7,39,121,.275,.327,.464,.791,118,245,7,3,1,2,4,*79/HD,chourja01
67,Oneil Cruz,21,2024,25,PIT,NL,146,599,541,72,140,82,34,3,21,76,22,1,51,181,.259,.324,.449,.773,114,243,8,3,0,4,5,*68H/D,cruzon01
68,Bryan De La Cruz,21,2024,27,MIAPIT,NL,149,622,584,61,136,90,25,0,21,68,5,2,29,170,.233,.271,.384,.654,80,224,10,3,0,5,1,7D9/H,delacbr01
69,Jarren Duran,21,2024,27,BOS,AL,160,735,671,111,191,108,48,14,21,75,34,7,54,160,.285,.342,.492,.834,132,330,6,6,1,3,1,*87,duranja01
70,Ryan Jeffers,21,2024,27,MIN,AL,122,465,412,56,93,50,22,0,21,64,3,0,32,94,.226,.300,.432,.732,103,178,9,14,1,6,0,2DH,jeffery01
71,Brandon Lowe,21,2024,29,TBR,AL,107,425,385,56,94,51,19,3,21,58,5,1,33,112,.244,.311,.473,.783,121,182,7,5,0,2,2,4D3H,lowebr01
72,Christopher Morel,21,2024,25,CHCTBR,ALNL,152,611,535,56,105,70,11,3,21,60,8,7,61,159,.196,.288,.346,.634,80,185,15,10,0,5,3,5D47/H,morelch01
73,Jorge Soler,21,2024,32,ATLSFG,NL,142,574,493,84,119,63,34,1,21,64,1,0,68,141,.241,.338,.442,.780,120,218,9,6,0,4,0,D9/H7,solerjo01
74,Seiya Suzuki,21,2024,29,CHC,NL,132,585,512,74,145,91,27,6,21,73,16,6,63,160,.283,.366,.482,.848,138,247,6,6,0,4,3,9D/7H,suzukse01
75,Fernando Tatis Jr.,21,2024,25,SDP,NL,102,438,398,64,110,67,21,1,21,49,11,3,32,96,.276,.340,.492,.833,130,196,8,7,0,1,0,9/DH,tatisfe02
76,Trea Turner,21,2024,31,PHI,NL,121,539,505,88,149,103,25,0,21,62,19,4,27,98,.295,.338,.469,.807,121,237,10,6,0,1,0,*6/D,turnetr01
77,CJ Abrams,20,2024,23,WSN,NL,138,602,541,79,133,78,29,6,20,65,31,12,40,128,.246,.314,.433,.747,109,234,4,16,1,4,3,*6/H,abramcj01
78,Jo Adell,20,2024,25,LAA,AL,130,451,405,54,84,47,15,2,20,62,15,10,35,126,.207,.280,.402,.682,90,163,9,7,0,3,1,*9H/D8,adelljo01
79,Jose Altuve,20,2024,34,HOU,AL,153,682,628,94,185,134,31,0,20,65,22,7,47,119,.295,.350,.439,.790,124,276,15,7,0,0,2,*4/DH,altuvjo01
80,Randy Arozarena,20,2024,29,SEATBR,AL,154,648,549,77,120,67,33,0,20,60,20,10,73,169,.219,.332,.388,.720,109,213,7,22,0,4,0,*7/8DH,arozara01
81,Andrew Benintendi,20,2024,29,CHW,AL,135,522,477,50,109,69,20,0,20,64,3,2,41,96,.229,.289,.396,.685,94,189,12,1,0,3,1,*7H/D8,beninan01
82,JJ Bleday,20,2024,26,OAK,AL,159,642,572,74,139,72,43,4,20,60,2,3,67,125,.243,.324,.437,.762,120,250,8,2,1,0,2,*8H/D,bledajj01
83,Jeimer Candelario,20,2024,30,CIN,NL,112,463,427,47,96,51,23,2,20,56,4,3,27,114,.225,.279,.429,.707,90,183,7,6,0,3,1,53D/H,candeje01
84,Michael Conforto,20,2024,31,SFG,NL,130,488,438,56,104,54,27,3,20,66,0,1,42,118,.237,.309,.450,.759,115,197,16,5,0,3,1,7DH,confomi01
85,Andrew McCutchen,20,2024,37,PIT,NL,120,515,448,66,104,65,18,1,20,50,3,2,58,133,.232,.328,.411,.739,106,184,9,7,0,2,1,*D/9H,mccutan01
86,Ryan McMahon,20,2024,29,COL,NL,153,645,567,68,137,89,28,0,20,65,4,6,69,185,.242,.325,.397,.722,93,225,9,3,0,4,4,*5/DH,mcmahry01
87,Logan O'Hoppe,20,2024,24,LAA,AL,136,522,479,64,117,79,17,1,20,56,2,3,33,155,.244,.303,.409,.712,99,196,7,8,1,1,0,*2/HD,ohopplo01
88,Julio Rodríguez,20,2024,23,SEA,AL,143,613,567,76,155,118,17,0,20,68,24,5,38,156,.273,.325,.409,.734,115,232,10,6,0,2,1,*8D/H,rodriju01
89,Will Smith,20,2024,29,LAD,NL,128,544,476,77,118,72,24,2,20,75,1,1,51,105,.248,.327,.433,.760,114,206,8,9,0,8,6,*2/HD,smithwi05
90,Spencer Steer,20,2024,26,CIN,NL,158,656,574,74,129,71,34,4,20,92,25,3,72,137,.225,.319,.402,.721,96,231,5,8,0,2,1,73/4D9H6,steersp01
91,Josh Bell,19,2024,31,ARIMIA,NL,145,603,538,62,134,90,23,2,19,71,0,1,51,120,.249,.319,.405,.725,100,218,22,6,0,3,1,3D/H,belljo02
92,Mookie Betts,19,2024,31,LAD,NL,116,516,450,75,130,82,24,5,19,75,16,2,61,57,.289,.372,.491,.863,143,221,10,1,0,4,2,694/H,bettsmo01
93,Nolan Gorman,19,2024,24,STL,NL,107,402,365,42,74,40,15,0,19,50,6,1,34,151,.203,.271,.400,.671,87,146,2,1,0,2,1,4/H5,gormano01
94,Isaac Paredes,19,2024,25,CHCTBR,ALNL,153,641,542,64,129,84,25,1,19,80,1,1,76,105,.238,.346,.393,.739,112,213,17,17,0,6,2,*53D/H,paredis01
95,Vinnie Pasquantino,19,2024,26,KCR,AL,131,554,496,64,130,79,30,2,19,97,1,0,40,71,.262,.315,.446,.760,114,221,12,4,1,13,1,3D/H,pasquvi01
96,Austin Riley,19,2024,27,ATL,NL,110,469,425,63,109,62,26,2,19,56,0,0,37,118,.256,.322,.461,.783,115,196,6,5,0,2,0,*5,rileyau01
97,Adley Rutschman,19,2024,26,BAL,AL,148,638,571,68,143,102,21,1,19,79,1,0,58,103,.250,.318,.391,.709,105,223,9,2,0,7,3,2D/H,rutscad01
98,George Springer,19,2024,34,TOR,AL,145,614,545,74,120,79,19,3,19,56,16,1,60,115,.220,.303,.371,.674,91,202,16,6,0,2,0,*9D/H8,springe01
99,Tyler Stephenson,19,2024,27,CIN,NL,138,515,457,69,118,72,26,1,19,66,1,0,48,117,.258,.338,.444,.782,112,203,9,8,0,2,2,*2HD,stephty01
100,Andrew Vaughn,19,2024,26,CHW,AL,149,619,570,55,140,90,30,1,19,70,2,0,38,132,.246,.297,.402,.699,98,229,13,6,0,5,0,*3D/H,vaughan01
101,Cody Bellinger,18,2024,28,CHC,NL,130,569,516,72,137,93,23,3,18,78,9,2,45,89,.266,.325,.426,.751,111,220,10,3,0,5,7,98D3/7,bellico01
102,Byron Buxton,18,2024,30,MIN,AL,102,388,355,62,99,51,27,3,18,56,7,2,20,99,.279,.335,.524,.859,137,186,3,11,0,2,1,8/HD,buxtoby01
103,Kerry Carpenter,18,2024,26,DET,AL,87,296,264,37,75,36,16,5,18,57,0,2,22,75,.284,.345,.587,.932,157,155,5,4,0,3,1,9DH/7,carpeke01
104,Luis García Jr.,18,2024,24,WSN,NL,140,528,500,58,141,97,25,1,18,70,22,5,27,86,.282,.318,.444,.762,114,222,12,0,0,1,2,*4H/D,garcilu04
105,Lourdes Gurriel Jr.,18,2024,30,ARI,NL,133,553,513,72,143,101,22,2,18,75,7,1,29,101,.279,.322,.435,.757,108,223,16,6,0,5,1,*7H/D3,gurrilo01
106,Cedric Mullins,18,2024,29,BAL,AL,147,499,444,69,104,67,16,3,18,54,32,6,41,98,.234,.305,.405,.710,104,180,1,5,2,2,0,*8H/D,mullice01
107,Jesús Sánchez,18,2024,26,MIA,NL,149,537,489,60,123,79,25,1,18,64,16,2,41,140,.252,.313,.417,.731,101,204,12,4,1,2,2,*9HD7,sanchje02
108,Jose Siri,18,2024,28,TBR,AL,130,448,402,50,75,40,16,1,18,47,14,7,31,170,.187,.255,.366,.620,76,147,5,7,2,4,0,*8/H3D,sirijo01
109,Daulton Varsho,18,2024,27,TOR,AL,136,513,459,73,98,52,21,7,18,58,10,2,48,137,.214,.293,.407,.700,96,187,2,4,1,1,1,*87/H9D,varshda01
110,Jordan Westburg,18,2024,25,BAL,AL,107,447,416,57,110,61,26,5,18,63,6,3,22,97,.264,.312,.481,.792,126,200,5,7,1,1,0,54/6D,westbjo01
111,Mike Yastrzemski,18,2024,33,SFG,NL,140,474,428,60,99,56,16,9,18,57,3,2,38,124,.231,.302,.437,.739,110,187,5,6,1,1,1,*9H/81,yastrmi01
112,Orlando Arcia,17,2024,29,ATL,NL,157,602,551,50,120,79,24,0,17,46,2,0,41,128,.218,.271,.354,.625,73,195,16,2,1,7,1,*6,arciaor01
113,Jake Cronenworth,17,2024,30,SDP,NL,155,656,577,72,139,90,29,3,17,83,5,2,61,118,.241,.324,.390,.714,99,225,19,11,1,3,0,34/DH,croneja01
114,Zack Gelof,17,2024,24,OAK,AL,138,547,497,60,105,66,20,2,17,49,25,3,38,188,.211,.270,.362,.632,82,180,7,4,3,5,0,*4/H,gelofza01
115,Kyle Higashioka,17,2024,34,SDP,NL,84,263,246,29,54,26,10,1,17,45,2,0,15,74,.220,.263,.476,.739,101,117,3,0,1,1,0,2/H,higasky01
116,MJ Melendez,17,2024,25,KCR,AL,135,451,412,44,85,42,23,3,17,44,4,4,35,113,.206,.273,.400,.674,89,165,3,3,0,0,1,*7H/D93,melenmj01
117,Nolan Arenado,16,2024,33,STL,NL,152,635,578,70,157,118,23,0,16,71,2,2,44,92,.272,.325,.394,.719,102,228,15,5,0,7,2,*5/DH,arenano01
118,Yainer Diaz,16,2024,25,HOU,AL,148,619,585,70,175,127,29,3,16,84,2,0,24,107,.299,.325,.441,.766,116,258,22,2,0,8,1,2D3/H,diazya02
119,Michael Harris II,16,2024,23,ATL,NL,110,470,440,58,116,83,14,3,16,48,10,6,23,94,.264,.304,.418,.722,99,184,6,4,0,3,1,*8,harrimi04
120,Wyatt Langford,16,2024,22,TEX,AL,134,557,499,74,126,81,25,4,16,74,19,3,51,115,.253,.325,.415,.740,115,207,6,4,0,3,3,*7D8,langfwy01
121,Royce Lewis,16,2024,25,MIN,AL,82,325,292,40,68,36,16,0,16,47,0,0,28,74,.233,.295,.452,.747,107,132,5,0,0,5,2,5D/H4,lewisro02
122,Nathaniel Lowe,16,2024,28,TEX,AL,140,565,486,62,129,96,16,1,16,69,2,0,71,125,.265,.361,.401,.762,123,195,9,4,0,4,1,*3/HD,lowena01
123,Brandon Marsh,16,2024,26,PHI,NL,135,476,418,55,104,68,17,3,16,60,19,3,50,154,.249,.328,.419,.747,106,175,2,2,1,5,0,*78H/9,marshbr02
124,J.D. Martinez,16,2024,36,NYM,NL,120,495,434,46,102,61,24,1,16,69,0,0,49,141,.235,.320,.406,.725,105,176,17,6,0,2,0,*D/H,martijd02
125,Jorge Polanco,16,2024,30,SEA,AL,118,469,417,43,89,62,11,0,16,45,4,2,46,137,.213,.296,.355,.651,92,148,16,4,0,2,3,*4/DH,polanjo01
126,Dansby Swanson,16,2024,30,CHC,NL,149,593,534,82,129,84,27,2,16,66,19,3,54,144,.242,.312,.390,.701,98,208,7,2,0,3,2,*6/H,swansda01
127,Matt Vierling,16,2024,27,DET,AL,144,567,518,80,133,84,28,5,16,57,6,1,41,121,.257,.312,.423,.735,106,219,9,3,0,5,1,859H7/D3,vierlma01
128,Wilyer Abreu,15,2024,25,BOS,AL,132,447,399,59,101,51,33,2,15,58,8,3,40,125,.253,.322,.459,.781,118,183,7,3,0,5,0,*9H/78D,abreuwi02
129,Alec Bohm,15,2024,27,PHI,NL,143,606,554,62,155,94,44,2,15,97,5,2,40,86,.280,.332,.448,.779,114,248,18,6,0,6,2,*53/DH,bohmal01
130,Willson Contreras,15,2024,32,STL,NL,84,358,301,48,79,47,17,0,15,36,4,1,45,96,.262,.380,.468,.848,138,141,7,12,0,0,2,2D/H,contrwi01
131,Travis d'Arnaud,15,2024,35,ATL,NL,99,341,307,40,73,42,16,0,15,48,1,0,24,89,.238,.302,.436,.739,103,134,8,6,0,4,0,2H,darnatr01
132,Tyler Fitzgerald,15,2024,26,SFG,NL,96,341,314,53,88,52,19,2,15,34,17,4,22,108,.280,.334,.497,.831,135,156,2,4,0,1,0,6H/8471D3,fitzgty01
133,Mitch Garver,15,2024,33,SEA,AL,114,430,367,37,63,31,17,0,15,51,0,0,53,133,.172,.286,.341,.627,85,125,9,7,0,3,0,D2/H,garvemi01
134,Jonathan India,15,2024,27,CIN,NL,151,637,533,84,132,87,28,2,15,58,13,2,80,125,.248,.357,.392,.750,105,209,16,15,2,7,0,*4D/H,indiajo01
135,Jarred Kelenic,15,2024,24,ATL,NL,131,449,412,49,95,60,18,2,15,45,7,2,32,133,.231,.286,.393,.679,87,162,5,1,1,3,1,*78H/9,kelenja01
136,Trevor Larnach,15,2024,27,MIN,AL,112,400,355,59,92,60,17,0,15,52,4,1,40,89,.259,.338,.434,.771,116,154,12,3,0,2,1,7D9H,larnatr01
137,Max Muncy,15,2024,33,LAD,NL,73,293,237,47,55,23,17,0,15,48,1,0,45,77,.232,.358,.494,.852,139,117,1,5,0,6,3,5/H,muncyma01
138,Ryan O'Hearn,15,2024,30,BAL,AL,142,494,443,60,117,78,21,3,15,59,3,1,46,69,.264,.334,.427,.761,119,189,7,2,0,3,2,3DH9/7,ohearry01
139,Jeremy Peña,15,2024,26,HOU,AL,157,650,602,78,160,115,28,2,15,70,20,6,25,111,.266,.308,.394,.701,99,237,15,14,3,6,1,*6,penaje02
140,Ceddanne Rafaela,15,2024,23,BOS,AL,152,571,544,70,134,91,23,5,15,75,19,10,15,151,.246,.274,.390,.664,85,212,8,7,2,3,1,864/5H9,rafaece01
141,Hunter Renfroe,15,2024,32,KCR,AL,120,424,385,44,88,55,18,0,15,52,1,1,36,84,.229,.297,.392,.689,95,151,10,2,0,1,0,*9/HD3,renfrhu01
142,Lane Thomas,15,2024,28,CLEWSN,ALNL,130,528,472,65,112,68,26,3,15,63,32,14,44,137,.237,.309,.400,.709,100,189,5,7,0,5,1,*98/HD,thomala02
143,Gleyber Torres,15,2024,27,NYY,AL,154,665,587,80,151,110,26,0,15,63,4,3,65,136,.257,.330,.378,.709,102,222,6,3,2,8,0,*4/H,torregl01
144,Masyn Winn,15,2024,22,STL,NL,150,637,587,85,157,105,32,5,15,57,11,5,41,109,.267,.314,.416,.730,104,244,1,1,3,5,1,*6/HD,winnma01
145,Will Benson,14,2024,26,CIN,NL,128,388,343,41,64,29,19,2,14,43,16,7,40,154,.187,.274,.376,.650,76,129,3,2,1,2,0,*798H/D,bensowi01
146,Seth Brown,14,2024,31,OAK,AL,124,400,372,32,86,60,11,1,14,44,4,2,25,112,.231,.283,.379,.662,91,141,7,2,0,1,0,739H/D8,brownse01
147,Carlos Correa,14,2024,29,MIN,AL,86,367,319,55,99,63,20,2,14,54,0,0,40,61,.310,.388,.517,.905,152,165,5,3,0,4,4,6/DH,correca01
148,Yandy Díaz,14,2024,32,TBR,AL,145,621,563,55,158,112,31,1,14,65,0,0,50,95,.281,.341,.414,.755,116,233,12,4,0,4,0,*3D/H,diazya01
149,Brendan Donovan,14,2024,27,STL,NL,153,652,587,65,163,112,34,3,14,73,5,5,47,81,.278,.342,.417,.759,114,245,4,13,0,5,0,74/5DH9,donovbr01
150,David Fry,14,2024,28,CLE,AL,122,392,335,44,88,55,18,1,14,51,4,1,42,84,.263,.356,.448,.804,128,150,13,9,0,4,4,DH237/59,fryda01
151,Steven Kwan,14,2024,26,CLE,AL,122,540,480,83,140,107,16,3,14,44,12,5,53,51,.292,.368,.425,.793,126,204,5,5,2,0,0,*7/DH,kwanst01
152,Michael Massey,14,2024,26,KCR,AL,100,356,332,45,86,53,17,2,14,45,1,0,15,56,.259,.294,.449,.743,108,149,9,3,2,4,1,4HD,massemi02
153,Mickey Moniak,14,2024,26,LAA,AL,124,418,392,48,86,53,17,2,14,49,8,4,21,114,.219,.266,.380,.646,80,149,3,4,0,1,0,*89H/D7,moniami01
154,J.T. Realmuto,14,2024,33,PHI,NL,99,413,380,50,101,68,18,1,14,47,2,2,27,102,.266,.322,.429,.751,107,163,7,5,0,1,1,2,realmjt01
155,Luis Robert Jr.,14,2024,26,CHW,AL,100,425,393,47,88,55,19,0,14,35,23,6,28,141,.224,.278,.379,.657,86,149,8,2,0,1,2,8/DH,roberlu01
156,Jesse Winker,14,2024,30,NYMWSN,NL,145,508,430,63,109,72,23,0,14,58,14,4,63,106,.253,.360,.405,.764,117,174,12,10,2,3,2,7DH9,winkeje01
157,Joey Bart,13,2024,27,PIT,NL,80,282,253,38,67,43,11,0,13,45,0,0,22,73,.265,.337,.462,.799,121,117,8,6,0,1,0,2D/H,bartjo01
158,Triston Casas,13,2024,24,BOS,AL,63,243,212,28,51,30,8,0,13,32,0,1,30,77,.241,.337,.462,.800,124,98,6,1,0,0,4,3/HD,casastr01
159,Ty France,13,2024,29,CINSEA,ALNL,140,535,479,46,112,75,24,0,13,51,1,1,38,114,.234,.305,.365,.670,92,175,16,13,0,5,0,*3/DH4,francty01
160,TJ Friedl,13,2024,28,CIN,NL,85,341,297,35,67,48,5,1,13,55,9,1,26,52,.226,.310,.380,.690,88,113,1,12,2,4,0,8/HD,friedtj01
161,Hunter Goodman,13,2024,24,COL,NL,70,224,211,24,40,18,9,0,13,36,1,1,8,64,.190,.228,.417,.645,68,88,5,3,0,2,0,92DH/73,goodmhu01
162,Jonah Heim,13,2024,29,TEX,AL,131,491,459,45,101,75,12,1,13,59,1,1,26,90,.220,.267,.336,.602,75,154,13,4,0,2,0,*2DH,heimjo01
163,Colt Keith,13,2024,22,DET,AL,148,556,516,54,134,102,15,4,13,61,7,1,36,110,.260,.309,.380,.689,94,196,4,2,0,2,2,*4DH,keithco01
164,Jake Meyers,13,2024,28,HOU,AL,148,513,461,51,101,65,20,3,13,61,11,3,35,117,.219,.286,.360,.646,83,166,17,10,3,4,0,*8H/7D,meyerja02
165,Ryan Mountcastle,13,2024,27,BAL,AL,124,507,473,54,128,83,30,2,13,63,3,0,27,114,.271,.308,.425,.733,110,201,13,1,0,6,0,*3H/D,mountry01
166,Bo Naylor,13,2024,24,CLE,AL,123,389,354,39,71,46,10,2,13,39,6,3,29,122,.201,.264,.350,.614,73,124,3,2,2,2,1,*2H/D,naylobo01
167,Jhonkensy Noel,13,2024,22,CLE,AL,67,198,179,25,39,18,7,1,13,28,0,0,13,63,.218,.288,.486,.774,115,87,1,5,0,1,0,9H/3D7,noeljh01
168,Andy Pages,13,2024,23,LAD,NL,116,443,403,65,100,63,23,1,13,46,1,2,29,108,.248,.305,.407,.712,100,164,8,6,0,4,0,*89/H7D,pagesan01
169,Brendan Rodgers,13,2024,27,COL,NL,135,539,501,67,134,91,29,1,13,54,1,0,31,132,.267,.314,.407,.721,92,204,12,4,1,2,1,*4/DH,rodgebr02
170,Keibert Ruiz,13,2024,25,WSN,NL,127,485,459,46,105,71,21,0,13,57,3,1,16,54,.229,.260,.359,.619,74,165,13,5,0,5,0,*2D/H,ruizke01
171,Nolan Schanuel,13,2024,22,LAA,AL,147,607,519,62,130,98,19,0,13,54,10,1,68,103,.250,.343,.362,.706,100,188,14,9,3,7,0,*3/HD,schanno01
172,Davis Schneider,13,2024,25,TOR,AL,135,454,397,48,76,43,19,1,13,46,6,0,47,144,.191,.282,.343,.625,77,136,2,5,0,5,0,74H/D,schneda03
173,Jon Singleton,13,2024,32,HOU,AL,119,405,355,46,83,56,13,1,13,42,0,0,47,111,.234,.321,.386,.707,101,137,2,0,0,3,0,3HD,singljo02
174,Josh Smith,13,2024,26,TEX,AL,149,592,523,67,135,91,30,1,13,62,11,2,46,121,.258,.337,.394,.731,114,206,6,18,2,3,1,56DH/749,smithjo11
175,Rowdy Tellez,13,2024,29,PIT,NL,131,421,383,38,93,62,18,0,13,56,1,0,31,89,.243,.299,.392,.691,92,150,12,2,0,5,0,*3H/1,tellero01
176,Alex Verdugo,13,2024,28,NYY,AL,149,621,559,74,130,88,28,1,13,61,2,1,49,93,.233,.291,.356,.647,84,199,14,1,2,10,0,*79/8,verdual01
177,Matt Wallner,13,2024,26,MIN,AL,75,261,220,26,57,26,17,1,13,37,3,0,24,95,.259,.372,.523,.894,149,115,2,16,0,1,0,97DH/1,wallnma01
178,Austin Wells,13,2024,24,NYY,AL,115,414,354,42,81,49,18,1,13,55,1,2,47,87,.229,.322,.395,.718,104,140,9,5,1,7,0,*2H/D,wellsau01
179,Connor Wong,13,2024,28,BOS,AL,126,487,447,54,125,87,24,1,13,52,8,7,28,114,.280,.333,.425,.758,113,190,7,9,1,2,1,23DH/47,wongco01
180,Harrison Bader,12,2024,30,NYM,NL,143,437,402,57,95,64,19,0,12,51,17,8,21,95,.236,.284,.373,.657,86,150,6,8,0,6,1,*8H/D,baderha01
181,Jake Bauers,12,2024,28,MIL,NL,116,346,302,45,60,37,9,2,12,43,13,1,39,118,.199,.301,.361,.662,84,109,0,5,0,0,1,3HD9/71,bauerja01
182,Charlie Blackmon,12,2024,37,COL,NL,124,499,449,59,115,74,24,5,12,52,6,2,43,86,.256,.329,.412,.741,97,185,4,6,0,1,2,D9H/8,blackch02
183,Willi Castro,12,2024,27,MIN,AL,158,635,558,89,138,90,31,5,12,60,14,9,51,150,.247,.331,.385,.717,102,215,8,21,1,4,0,64785/H1,castrwi01
184,Ernie Clement,12,2024,28,TOR,AL,139,452,434,48,114,78,21,3,12,51,12,3,11,41,.263,.284,.408,.692,94,177,11,3,2,2,1,56H/4D17,clemeer01
185,Randal Grichuk,12,2024,32,ARI,NL,106,279,254,40,74,40,20,2,12,46,0,0,20,46,.291,.348,.528,.875,139,134,5,3,0,2,0,9DH7,grichra01
186,Mitch Haniger,12,2024,33,SEA,AL,121,423,380,42,79,55,12,0,12,44,0,0,40,126,.208,.286,.334,.620,83,127,10,2,0,1,0,9DH,hanigmi01
187,Kiké Hernández,12,2024,32,LAD,NL,126,393,362,44,83,55,16,0,12,42,0,0,27,77,.229,.281,.373,.654,84,135,13,0,1,3,0,5H3784/61D,hernaen02
188,Spencer Horwitz,12,2024,26,TOR,AL,97,381,328,46,87,56,19,0,12,40,0,0,42,70,.265,.357,.433,.790,123,142,8,7,0,4,2,34DH,horwisp01
189,Korey Lee,12,2024,25,CHW,AL,125,394,377,36,79,52,14,1,12,37,6,3,17,122,.210,.244,.347,.591,67,131,12,0,0,0,0,*2H/D,leeko01
190,Jeff McNeil,12,2024,32,NYM,NL,129,472,424,57,101,63,26,0,12,44,5,1,35,68,.238,.308,.384,.692,96,163,6,9,1,3,1,*497/H,mcneije01
191,Lars Nootbaar,12,2024,26,STL,NL,109,405,348,39,85,52,18,3,12,45,7,3,52,79,.244,.342,.417,.758,113,145,10,1,1,3,2,978/H,nootbla01
192,Leody Taveras,12,2024,25,TEX,AL,151,529,480,59,110,78,17,3,12,44,23,6,42,112,.229,.289,.352,.641,87,169,8,0,3,4,0,*8/HD,taverle01
193,Anthony Volpe,12,2024,23,NYY,AL,160,689,637,90,155,109,27,7,12,60,28,7,42,156,.243,.293,.364,.657,86,232,9,4,2,3,1,*6/H,volpean01
194,Francisco Alvarez,11,2024,22,NYM,NL,100,342,308,39,73,46,14,2,11,47,1,1,30,86,.237,.307,.403,.710,100,124,7,2,0,2,0,2/HD,alvarfr01
195,Xander Bogaerts,11,2024,31,SDP,NL,111,463,428,50,113,86,15,1,11,44,13,3,28,79,.264,.307,.381,.688,92,163,13,1,0,6,0,46/DH,bogaexa01
196,Jonah Bride,11,2024,28,MIA,NL,71,272,232,30,64,43,10,0,11,39,0,1,30,55,.276,.357,.461,.818,125,107,9,3,0,7,1,3D5/4H,bridejo01
197,Adam Duvall,11,2024,35,ATL,NL,104,330,303,29,55,34,10,0,11,30,0,0,21,99,.182,.245,.323,.569,57,98,6,5,0,1,0,79H/D,duvalad01
198,Ha-Seong Kim,11,2024,28,SDP,NL,121,470,403,60,94,64,16,3,11,47,22,5,58,77,.233,.330,.370,.700,96,149,8,2,4,3,4,*6/H,kimha01
199,Ramón Laureano,11,2024,29,ATLCLE,ALNL,98,309,286,35,74,46,16,1,11,33,8,3,15,96,.259,.311,.437,.748,107,125,5,7,0,1,0,97H8,laurera01
200,Joey Ortiz,11,2024,25,MIL,NL,142,511,440,58,105,63,25,6,11,60,11,6,56,103,.239,.329,.398,.726,102,175,10,6,3,6,0,*56/H4,ortizjo06
201,Rob Refsnyder,11,2024,33,BOS,AL,93,307,272,32,77,49,16,1,11,40,2,2,28,78,.283,.359,.471,.830,133,128,6,5,0,1,2,79HD,refsnro01
202,Gary Sánchez,11,2024,31,MIL,NL,89,280,245,30,54,35,7,1,11,37,0,0,27,76,.220,.307,.392,.699,94,96,9,5,0,3,0,D2H/3,sanchga02
203,Bryson Stott,11,2024,26,PHI,NL,148,571,506,65,124,92,19,2,11,57,32,3,53,93,.245,.315,.356,.671,86,180,9,3,0,9,1,*46H/D,stottbr01
204,Justin Turner,11,2024,39,SEATOR,AL,139,539,460,59,119,84,24,0,11,55,0,2,59,95,.259,.354,.383,.737,113,176,16,13,0,7,2,D3H/5,turneju01
205,Ramón Urías,11,2024,30,BAL,AL,100,301,272,39,69,47,9,2,11,37,1,1,23,55,.254,.322,.423,.745,114,115,0,5,0,1,0,5/H4D3,uriasra01
206,Christian Yelich,11,2024,32,MIL,NL,73,315,270,44,85,59,12,3,11,42,21,1,40,58,.315,.406,.504,.909,152,136,3,2,1,1,3,7D,yelicch01
207,Ozzie Albies,10,2024,27,ATL,NL,99,435,399,52,100,60,29,1,10,53,8,1,27,65,.251,.303,.404,.707,95,161,6,5,0,4,0,4,albieoz01
208,Pete Crow-Armstrong,10,2024,22,CHC,NL,123,410,372,46,88,59,13,6,10,47,27,3,21,98,.237,.286,.384,.670,88,143,4,6,8,3,2,*8H,crowape01
209,Joey Gallo,10,2024,30,WSN,NL,76,260,223,24,36,17,9,0,10,27,3,1,32,102,.161,.277,.336,.613,73,75,1,4,0,1,0,3/9HD7,gallojo01
210,Jason Heyward,10,2024,34,HOULAD,ALNL,87,258,228,33,48,24,12,2,10,37,5,0,22,53,.211,.288,.412,.700,96,94,3,4,0,3,2,9H/78,heywaja01
211,Sam Hilliard,10,2024,30,COL,NL,58,158,138,26,33,17,5,1,10,27,5,2,14,56,.239,.305,.507,.812,113,70,3,0,4,2,1,789/HD,hillisa01
212,Josh Lowe,10,2024,26,TBR,AL,106,387,353,37,85,54,19,2,10,34,25,1,32,123,.241,.302,.391,.693,98,138,2,0,0,2,4,97/HD8,lowejo01
213,Gavin Lux,10,2024,26,LAD,NL,139,487,439,59,110,74,24,2,10,50,5,2,44,110,.251,.320,.383,.703,99,168,8,2,0,2,0,*4H/6,luxga01
214,Dylan Moore,10,2024,31,SEA,AL,135,441,368,53,74,37,23,4,10,42,32,6,53,123,.201,.320,.367,.687,103,135,8,14,1,5,1,6547H3/8,mooredy01
215,Sean Murphy,10,2024,29,ATL,NL,72,264,233,19,45,29,5,1,10,25,0,0,27,67,.193,.284,.352,.636,76,82,7,3,0,1,1,2/H,murphse01
216,Jake Rogers,10,2024,29,DET,AL,102,337,310,43,61,34,16,1,10,36,1,0,22,99,.197,.255,.352,.607,70,109,6,3,0,2,1,2/DH,rogerja03
217,Eddie Rosario,10,2024,32,ATLWSN,NL,91,319,297,33,52,30,12,0,10,35,9,1,16,77,.175,.215,.316,.531,48,94,4,0,2,4,0,79D8/H,rosared01
218,Gavin Sheets,10,2024,28,CHW,AL,139,501,451,35,105,70,24,1,10,45,2,2,43,106,.233,.303,.357,.660,89,161,6,4,0,3,2,93DH,sheetga01
219,Spencer Torkelson,10,2024,24,DET,AL,92,381,342,45,75,43,21,1,10,37,0,0,33,105,.219,.295,.374,.669,88,128,6,4,0,1,0,3/D,torkesp01
220,Mike Trout,10,2024,32,LAA,AL,29,126,109,17,24,11,1,2,10,14,6,1,16,27,.220,.325,.541,.867,139,59,0,1,0,0,1,8/D,troutmi01
221,Masataka Yoshida,10,2024,30,BOS,AL,108,421,378,45,106,75,21,0,10,56,2,0,27,52,.280,.349,.415,.765,116,157,6,14,0,2,0,DH/7,yoshima02
222,José Caballero,9,2024,27,TBR,AL,139,483,441,53,100,66,24,1,9,44,44,16,27,133,.227,.283,.347,.630,80,153,6,9,3,3,1,654H/D,cabaljo01
223,Trent Grisham,9,2024,27,NYY,AL,76,209,179,21,34,17,8,0,9,31,1,1,22,57,.190,.290,.385,.675,91,69,5,4,1,2,1,8H/D,grishtr01
224,J.P. Crawford,9,2024,29,SEA,AL,105,451,392,55,79,52,16,2,9,37,5,0,52,102,.202,.304,.321,.625,85,126,4,6,0,1,0,6/HD,crawfjp01
225,Santiago Espinal,9,2024,29,CIN,NL,118,391,357,32,88,67,12,0,9,45,11,1,24,54,.246,.295,.356,.650,77,127,7,2,4,4,1,54HD/679,espinsa01
226,Thairo Estrada,9,2024,28,SFG,NL,96,381,364,43,79,53,15,2,9,47,2,2,10,76,.217,.247,.343,.590,68,125,8,5,0,2,0,4/DH,estrath01
227,Andrés Giménez,9,2024,25,CLE,AL,152,633,583,64,147,115,22,1,9,63,30,5,26,97,.252,.298,.340,.638,82,198,11,15,3,6,1,*4,gimenan01
228,Yasmani Grandal,9,2024,35,PIT,NL,72,243,215,26,49,30,10,0,9,27,1,0,24,46,.228,.304,.400,.704,96,86,7,0,3,1,0,2/H3,grandya01
229,Danny Jansen,9,2024,29,BOSTOR,AL,92,324,278,35,57,35,13,0,9,24,0,0,40,61,.205,.309,.349,.658,87,97,4,3,0,3,0,2H/D,janseda01
230,Connor Joe,9,2024,31,PIT,NL,123,416,364,49,83,51,22,1,9,36,2,2,44,91,.228,.320,.368,.688,93,134,7,6,0,2,1,39H/7D,joeco01
231,Carson Kelly,9,2024,29,DETTEX,AL,91,313,281,32,67,48,9,1,9,37,0,0,25,55,.238,.313,.374,.687,96,105,6,6,0,1,0,2/DH,kellyca02
232,Parker Meadows,9,2024,24,DET,AL,82,298,270,39,66,39,12,6,9,28,9,4,25,76,.244,.310,.433,.743,107,117,0,1,1,1,0,8/H,meadopa01
233,José Miranda,9,2024,26,MIN,AL,121,429,401,44,114,73,28,4,9,49,2,2,18,66,.284,.322,.441,.763,112,177,13,6,0,4,1,5DH3/6,miranjo01
234,Connor Norby,9,2024,24,BALMIA,ALNL,45,194,178,32,42,24,9,0,9,20,3,3,15,64,.236,.294,.438,.732,101,78,2,0,0,1,0,54/D,norbyco01
235,Wenceel Pérez,9,2024,24,DET,AL,112,425,389,51,94,63,16,6,9,37,9,5,32,92,.242,.300,.383,.683,92,149,5,1,2,1,0,98H/7D,perezwe01
236,Tommy Pham,9,2024,36,CHWKCRSTL,ALNL,116,478,440,49,109,77,20,3,9,39,7,3,35,106,.248,.305,.368,.674,92,162,5,2,0,1,0,978/DH,phamth01
237,Pavin Smith,9,2024,28,ARI,NL,60,158,137,26,37,17,11,0,9,36,1,0,18,31,.270,.348,.547,.896,144,75,4,0,0,3,0,397H/D1,smithpa04
238,Tyler Soderstrom,9,2024,22,OAK,AL,61,213,189,18,44,25,10,0,9,26,0,0,20,53,.233,.315,.429,.743,114,81,7,3,0,1,1,3/H2,soderty01
239,Jacob Stallings,9,2024,34,COL,NL,82,281,243,31,64,37,17,1,9,36,0,0,27,65,.263,.357,.453,.810,116,110,10,9,1,1,1,2/HD,stallja01
240,Jack Suwinski,9,2024,25,PIT,NL,88,277,247,29,45,28,8,0,9,26,9,1,27,79,.182,.264,.324,.588,64,80,3,1,1,1,2,879H,suwinja01
241,Jared Triolo,9,2024,26,PIT,NL,125,446,394,41,85,65,10,1,9,46,8,1,42,118,.216,.296,.315,.611,72,124,5,5,0,5,0,54/36H9,triolja01
242,Gio Urshela,9,2024,32,ATLDET,ALNL,128,461,432,34,108,79,19,1,9,52,0,0,23,72,.250,.286,.361,.647,81,156,13,1,0,5,1,*53/H6D,urshegi01
243,James Wood,9,2024,21,WSN,NL,79,336,295,43,78,52,13,4,9,41,14,8,39,97,.264,.354,.427,.781,121,126,1,2,0,0,1,7,woodja03
244,Miguel Amaya,8,2024,25,CHC,NL,117,363,328,32,76,53,13,2,8,47,0,0,23,62,.232,.288,.357,.644,82,117,5,4,5,3,0,*2/H,amayami01
245,Patrick Bailey,8,2024,25,SFG,NL,121,448,401,46,94,69,16,1,8,46,4,0,39,100,.234,.298,.339,.637,83,136,10,0,1,7,0,*2H/D,bailepa01
246,Will Brennan,8,2024,26,CLE,AL,114,353,330,37,87,64,13,2,8,30,4,2,19,48,.264,.309,.388,.697,97,128,9,3,0,1,2,97HD/8,brennwi02
247,Oswaldo Cabrera,8,2024,25,NYY,AL,108,326,299,47,74,55,11,0,8,36,4,2,21,63,.247,.296,.365,.661,88,109,6,1,2,3,0,5H34/6791,cabreos01
248,Luis Campusano,8,2024,25,SDP,NL,91,299,277,37,63,42,13,0,8,40,0,0,20,41,.227,.281,.361,.642,78,100,11,1,0,1,0,2H/3,campulu01
249,Dominic Canzone,8,2024,26,SEA,AL,67,188,168,20,33,18,7,0,8,17,1,0,18,53,.196,.271,.381,.652,90,64,5,0,0,2,2,97H/D,canzodo01
250,Victor Caratini,8,2024,30,HOU,AL,87,274,245,30,66,49,8,1,8,30,0,1,23,53,.269,.336,.408,.744,111,100,6,3,0,3,1,2H3/D,caratvi01
251,Stuart Fairchild,8,2024,28,CIN,NL,94,233,209,33,45,29,8,0,8,30,13,1,17,60,.215,.286,.368,.654,77,77,1,4,2,1,0,8H97/D,faircst01
252,Nick Gordon,8,2024,28,MIA,NL,95,275,260,29,59,39,11,1,8,32,5,5,11,67,.227,.258,.369,.627,72,96,5,1,0,3,0,7H8/49D,gordoni01
253,David Hamilton,8,2024,26,BOS,AL,98,317,294,47,73,47,17,1,8,28,33,4,22,80,.248,.303,.395,.697,96,116,1,1,0,0,0,64H,hamilda03
254,Kyle Isbel,8,2024,27,KCR,AL,136,426,384,62,88,59,13,8,8,42,11,2,27,88,.229,.287,.367,.654,85,141,4,5,8,2,0,*8H,isbelky01
255,Edouard Julien,8,2024,25,MIN,AL,94,301,266,36,53,36,9,0,8,21,6,0,33,102,.199,.292,.323,.616,74,86,2,2,0,0,0,4H/D3,julieed01
256,Max Kepler,8,2024,31,MIN,AL,105,399,368,43,93,63,21,1,8,42,1,0,22,80,.253,.302,.380,.682,91,140,3,5,0,3,0,9H/D,keplema01
257,Isiah Kiner-Falefa,8,2024,29,PITTOR,ALNL,133,496,465,53,125,95,18,4,8,43,11,2,16,78,.269,.306,.376,.683,92,175,12,10,3,2,0,456/H18,kineris01
258,Justyn-Henry Malloy,8,2024,24,DET,AL,71,230,202,18,41,25,7,1,8,21,1,1,23,85,.203,.291,.366,.658,85,74,2,3,0,2,0,D7H/9,malloju02
259,James McCann,8,2024,34,BAL,AL,65,233,214,27,50,33,9,0,8,31,1,0,13,56,.234,.279,.388,.667,91,83,3,2,0,4,0,2/1,mccanja02
260,Jake McCarthy,8,2024,26,ARI,NL,142,495,442,66,126,98,13,7,8,56,25,6,31,78,.285,.349,.400,.749,108,177,4,14,5,3,1,*987H/D,mccarja02
261,Garrett Mitchell,8,2024,25,MIL,NL,69,224,196,33,50,27,12,3,8,21,11,4,25,71,.255,.342,.469,.812,124,92,1,1,2,0,0,89H/D,mitchga01
262,David Peralta,8,2024,36,SDP,NL,91,260,236,35,63,44,11,0,8,28,2,0,22,54,.267,.335,.415,.750,109,98,3,2,0,0,0,9HD7,peralda01
263,Kevin Pillar,8,2024,35,CHWLAA,AL,100,314,284,38,65,40,16,1,8,45,12,3,16,69,.229,.291,.377,.667,87,107,10,10,1,3,0,8H79D,pillake01
264,Anthony Rizzo,8,2024,34,NYY,AL,92,375,337,38,77,57,12,0,8,35,0,0,27,65,.228,.301,.335,.637,82,113,7,9,0,2,0,3/H,rizzoan01
265,Brayan Rocchio,8,2024,23,CLE,AL,143,442,383,50,79,53,18,0,8,36,10,6,44,90,.206,.298,.316,.614,76,121,11,8,2,5,1,*6/H,rocchbr01
266,Josh Rojas,8,2024,30,SEA,AL,142,476,422,48,95,66,19,2,8,31,10,4,46,108,.225,.304,.336,.641,90,142,6,3,1,2,1,*5H4/713D,rojasjo01
267,Donovan Solano,8,2024,36,SDP,NL,96,309,283,31,81,60,13,0,8,35,2,1,22,65,.286,.343,.417,.760,112,118,6,3,0,1,0,5DH3/4,solando01
268,Lenyn Sosa,8,2024,24,CHW,AL,100,369,351,28,89,68,13,0,8,35,3,1,12,77,.254,.283,.359,.642,83,126,5,3,2,1,1,54/H3D,sosale01
269,Jose Trevino,8,2024,31,NYY,AL,73,234,209,26,45,32,5,0,8,28,1,0,20,41,.215,.288,.354,.642,82,74,12,2,1,2,0,2/H1,trevijo01
270,Nelson Velázquez,8,2024,25,KCR,AL,64,230,205,31,41,24,8,1,8,27,2,0,19,61,.200,.274,.366,.640,81,75,6,3,0,3,0,D97/H,velazne01
271,LaMonte Wade Jr.,8,2024,30,SFG,NL,117,401,331,45,86,62,16,0,8,34,2,1,62,90,.260,.380,.381,.761,120,126,2,4,1,3,5,3H9/D7,wadela01
272,Patrick Wisdom,8,2024,32,CHC,NL,75,174,158,16,27,10,7,2,8,23,5,0,10,59,.171,.237,.392,.629,75,62,1,4,1,1,0,H35D/9471,wisdopa01
273,Addison Barger,7,2024,24,TOR,AL,69,225,208,20,41,23,11,0,7,28,2,0,14,60,.197,.250,.351,.601,68,73,1,1,0,1,0,59H7/D,bargead01
274,Mark Canha,7,2024,35,DETSFG,ALNL,125,462,393,46,95,68,20,0,7,42,7,0,51,96,.242,.344,.346,.690,97,136,10,13,0,5,2,3D7H9/5,canhama01
275,Jake Cave,7,2024,31,COL,NL,123,346,323,42,81,53,16,5,7,37,5,2,18,98,.251,.290,.396,.686,82,128,6,1,1,3,1,*97H/8D,caveja01
276,Tyler Freeman,7,2024,25,CLE,AL,118,383,330,48,69,47,14,1,7,32,11,6,28,53,.209,.305,.321,.626,79,106,15,19,3,3,1,8H6/54D,freemty01
277,Maikel Garcia,7,2024,24,KCR,AL,157,626,575,84,133,94,27,5,7,58,37,2,42,103,.231,.281,.332,.614,75,191,7,0,4,5,0,*54H/69,garcima01
278,Nick Gonzales,7,2024,25,PIT,NL,94,387,359,42,97,68,19,3,7,49,5,3,18,74,.270,.311,.398,.709,97,143,8,5,1,4,1,4/6H5,gonzani01
279,Derek Hill,7,2024,28,MIASFGTEX,ALNL,53,172,162,19,39,26,4,2,7,25,6,2,5,56,.241,.271,.420,.690,91,68,2,2,2,1,0,87H/9D,hillde01
280,Nico Hoerner,7,2024,27,CHC,NL,151,641,582,86,159,116,35,1,7,48,31,6,44,66,.273,.335,.373,.708,101,217,8,12,0,3,1,*46/H,hoernni01
281,Josh Jung,7,2024,26,TEX,AL,46,188,178,19,47,34,5,1,7,16,4,0,8,48,.264,.298,.421,.719,108,75,1,1,0,1,0,5/D,jungjo01
282,Starling Marte,7,2024,35,NYM,NL,94,370,335,46,90,67,13,3,7,40,16,1,27,81,.269,.327,.388,.715,103,130,8,3,3,2,1,9/DH,martest01
283,Tyler Nevin,7,2024,27,OAK,AL,87,278,245,22,50,33,10,0,7,20,1,0,25,64,.204,.288,.331,.618,80,81,5,5,0,3,0,359H7/D,nevinty01
284,Pedro Pagés,7,2024,25,STL,NL,68,218,202,19,48,36,3,2,7,27,2,0,13,58,.238,.281,.376,.657,84,76,7,0,1,2,0,2/H3,pagespe02
285,Ben Rice,7,2024,25,NYY,AL,50,178,152,20,26,13,6,0,7,23,0,1,20,48,.171,.264,.349,.613,73,53,2,1,0,5,0,3/H2,ricebe01
286,Max Schuemann,7,2024,27,OAK,AL,133,459,396,55,87,66,14,0,7,34,14,1,47,119,.220,.311,.308,.619,82,122,8,7,5,4,0,65/4H789,schuema01
287,Nick Senzel,7,2024,29,CHWWSN,ALNL,74,267,236,25,46,28,11,0,7,18,1,3,28,61,.195,.283,.331,.614,74,78,6,1,1,0,1,5D/H9,senzeni01
288,Edmundo Sosa,7,2024,28,PHI,NL,90,274,249,39,64,41,12,4,7,31,7,1,13,66,.257,.313,.422,.734,102,105,5,8,1,2,0,654H,sosaed01
289,Mike Tauchman,7,2024,33,CHC,NL,109,350,298,50,74,54,12,1,7,29,6,2,47,70,.248,.357,.366,.723,106,109,7,4,0,1,0,9HD78,tauchmi01
290,Tyrone Taylor,7,2024,30,NYM,NL,130,345,319,47,79,47,22,3,7,35,11,2,19,80,.248,.299,.401,.701,98,128,4,5,1,1,1,*98H7/D,tayloty01
291,Brice Turang,7,2024,24,MIL,NL,155,619,559,72,142,107,24,4,7,57,50,6,50,105,.254,.316,.349,.665,86,195,8,2,5,3,1,*4H/D,turanbr02
292,Christian Vázquez,7,2024,33,MIN,AL,93,315,294,29,65,48,10,0,7,27,3,1,11,65,.221,.248,.327,.575,60,96,11,1,5,4,0,2/5DH3,vazquch01
293,Jonathan Aranda,6,2024,26,TBR,AL,44,143,128,22,30,17,7,0,6,14,0,0,12,32,.234,.308,.430,.737,109,55,2,2,0,1,0,3DH/45,arandjo01
294,Javier Báez,6,2024,31,DET,AL,80,289,272,25,50,32,12,0,6,37,8,1,12,69,.184,.221,.294,.516,44,80,10,2,0,3,1,6/H,baezja01
295,Junior Caminero,6,2024,20,TBR,AL,43,177,165,15,41,25,9,1,6,18,2,0,11,38,.248,.299,.424,.724,105,70,2,1,0,0,2,5/D3H,caminju01
296,Jonny DeLuca,6,2024,25,TBR,AL,107,362,332,29,72,50,12,4,6,31,16,6,24,77,.217,.278,.331,.609,75,110,1,4,2,0,1,98H7/D,delucjo01
297,Elias Díaz,6,2024,33,COLSDP,NL,96,351,325,27,86,60,20,0,6,39,0,0,20,69,.265,.313,.382,.695,86,124,15,4,0,2,2,2D/H,diazel01
298,Tommy Edman,6,2024,29,LAD,NL,37,153,139,20,33,21,5,1,6,20,6,0,11,30,.237,.294,.417,.711,99,58,2,1,0,2,0,86/H4,edmanto01
299,Freddy Fermin,6,2024,29,KCR,AL,111,368,339,40,92,72,14,0,6,36,2,0,23,66,.271,.319,.366,.685,95,124,10,2,1,3,1,2D/H,fermifr01
300,Romy González,6,2024,27,BOS,AL,89,216,199,25,53,36,10,1,6,29,11,3,12,58,.266,.306,.417,.723,102,83,5,1,0,4,0,H4635/97D8,gonzaro01
301,Eloy Jiménez,6,2024,27,BALCHW,AL,98,349,324,25,77,57,14,0,6,23,3,0,22,70,.238,.289,.336,.626,80,109,13,2,0,1,1,DH/9,jimenel02
302,Otto Lopez,6,2024,25,MIA,NL,117,434,403,49,109,79,23,1,6,39,20,4,25,75,.270,.313,.377,.690,91,152,13,1,2,2,0,4/6H578,lopezot01
303,Blake Perkins,6,2024,27,MIL,NL,121,434,383,54,92,71,13,2,6,43,23,5,42,108,.240,.316,.332,.647,81,127,3,3,0,6,1,*8H/D,perkibl01
304,Luis Rengifo,6,2024,27,LAA,AL,78,304,283,41,85,65,13,1,6,30,24,7,16,44,.300,.347,.417,.763,115,118,6,4,1,0,0,54/H69D,rengilu01
305,Miguel Rojas,6,2024,35,LAD,NL,103,337,307,41,87,60,21,0,6,36,8,2,23,34,.283,.337,.410,.748,111,126,8,3,2,2,0,64H5/13,rojasmi02
306,Casey Schmitt,6,2024,25,SFG,NL,40,113,107,11,27,16,4,1,6,16,0,0,4,25,.252,.283,.477,.760,113,51,2,1,0,1,0,46/5HD,schmica01
307,Dominic Smith,6,2024,29,BOSCIN,ALNL,93,307,275,33,64,36,22,0,6,34,1,1,28,76,.233,.313,.378,.691,94,104,7,4,0,0,0,3H/D1,smithdo02
308,Abraham Toro,6,2024,27,OAK,AL,94,364,337,34,81,57,17,1,6,26,4,2,20,62,.240,.293,.350,.643,87,118,4,5,2,0,1,54DH/37,toroab01
309,Enmanuel Valdéz,6,2024,25,BOS,AL,76,223,201,23,43,25,12,0,6,28,1,1,17,53,.214,.270,.363,.633,77,73,4,0,1,4,0,4H/D57,valdeen01
310,Juan Yepez,6,2024,26,WSN,NL,62,249,226,32,64,43,15,0,6,26,2,1,18,42,.283,.335,.429,.764,115,97,9,1,1,3,0,3D/H,yepezju01
311,Christian Bethancourt,5,2024,32,CHCMIA,NL,62,147,139,18,29,17,7,0,5,22,3,0,5,36,.209,.241,.367,.608,67,51,2,1,2,0,0,2/DH,bethach01
312,Cavan Biggio,5,2024,29,ATLLADTOR,ALNL,78,224,188,27,37,27,5,0,5,19,2,0,24,72,.197,.314,.303,.617,77,57,1,8,2,0,0,453H9/D,biggica01
313,Willie Calhoun,5,2024,29,LAA,AL,68,254,229,26,56,35,16,0,5,20,0,1,23,31,.245,.315,.380,.695,96,87,5,1,0,1,1,D/H37,calhowi01
314,Daz Cameron,5,2024,27,OAK,AL,66,186,170,22,34,23,5,1,5,15,5,0,13,51,.200,.258,.329,.587,70,56,3,1,0,2,0,79H8/D,camerda01
315,Evan Carter,5,2024,21,TEX,AL,45,162,144,23,27,14,6,2,5,15,2,0,15,43,.188,.272,.361,.633,83,52,1,2,0,1,0,7/9HD8,carteev01
316,Kody Clemens,5,2024,28,PHI,NL,43,120,114,17,25,10,9,1,5,18,0,0,5,29,.219,.258,.447,.706,91,51,2,1,0,0,0,H35/471D,clemeko01
317,Jerar Encarnacion,5,2024,26,SFG,NL,35,119,113,13,28,18,5,0,5,19,1,0,5,34,.248,.277,.425,.702,98,48,0,0,0,1,0,D9/7H3,encarje01
318,Kyle Farmer,5,2024,33,MIN,AL,107,242,215,26,46,27,13,1,5,25,3,5,19,49,.214,.293,.353,.647,82,76,6,6,0,2,1,45H6/13D,farmeky01
319,Jake Fraley,5,2024,29,CIN,NL,116,382,350,44,97,71,19,2,5,26,20,5,26,70,.277,.330,.386,.716,95,135,6,3,0,3,0,9H/D78,fraleja01
320,Eric Haase,5,2024,31,MIL,NL,30,69,66,10,18,12,1,0,5,14,0,0,3,28,.273,.304,.515,.819,123,34,0,0,0,0,0,2/HD,haaseer01
321,Austin Hays,5,2024,28,BALPHI,ALNL,85,255,235,26,60,37,18,0,5,20,2,2,9,59,.255,.303,.396,.699,98,93,2,8,1,2,1,7H/9D,haysau01
322,Iván Herrera,5,2024,24,STL,NL,72,259,229,37,69,51,12,1,5,27,5,0,25,53,.301,.372,.428,.800,126,98,3,2,0,2,0,2D/H,herreiv01
323,Rece Hinds,5,2024,23,CIN,NL,24,51,46,9,12,2,4,1,5,11,2,0,4,16,.261,.333,.717,1.051,176,33,0,1,0,0,0,9/H78D,hindsre01
324,Jackson Holliday,5,2024,20,BAL,AL,60,208,190,28,36,25,4,2,5,23,4,0,15,69,.189,.255,.311,.565,63,59,1,2,0,1,0,4/H6D,hollija01
325,Andy Ibáñez,5,2024,31,DET,AL,99,244,224,30,54,39,9,1,5,32,2,3,15,63,.241,.295,.357,.652,84,80,2,3,0,2,0,H453/7D6,ibanean01
326,Kevin Kiermaier,5,2024,34,LADTOR,ALNL,116,281,259,31,51,34,9,3,5,26,6,2,12,86,.197,.237,.313,.550,55,81,4,2,7,1,0,*8H/9D,kiermke01
327,Alex Kirilloff,5,2024,26,MIN,AL,57,178,159,20,32,16,8,3,5,20,0,0,15,47,.201,.270,.384,.653,81,61,5,1,0,3,0,7D3/H9,kirilal01
328,Alejandro Kirk,5,2024,25,TOR,AL,103,386,340,23,86,61,19,1,5,54,0,0,35,51,.253,.319,.359,.677,92,122,11,2,0,9,1,2/HD,kirkal01
329,Kyle Manzardo,5,2024,23,CLE,AL,53,156,145,11,34,17,12,0,5,15,0,0,9,41,.234,.282,.421,.703,97,61,3,1,0,1,0,DH/3,manzaky01
330,Nick Martini,5,2024,34,CIN,NL,52,163,146,23,31,20,4,2,5,24,1,3,9,38,.212,.272,.370,.641,73,54,1,4,0,3,0,D9/7H,martini02
331,Jorge Mateo,5,2024,29,BAL,AL,68,208,192,30,44,23,14,2,5,18,13,2,10,48,.229,.267,.401,.668,91,77,3,1,2,3,0,4/6H8D,mateojo01
332,Luis Matos,5,2024,22,SFG,NL,45,156,150,14,32,22,5,0,5,25,0,0,5,24,.213,.237,.347,.584,65,52,5,0,0,1,1,98/H7D,matoslu02
333,Kyle McCann,5,2024,26,OAK,AL,54,157,140,13,33,24,4,0,5,15,0,0,16,59,.236,.318,.371,.690,101,52,2,1,0,0,1,2/HD,mccanky01
334,Chas McCormick,5,2024,29,HOU,AL,94,267,242,32,51,39,6,1,5,27,8,2,17,72,.211,.271,.306,.576,64,74,3,4,1,3,0,798/H,mccorch01
335,Grant McCray,5,2024,23,SFG,NL,37,130,124,13,25,15,3,2,5,10,5,0,6,56,.202,.238,.379,.617,74,47,3,0,0,0,0,8,mccragr01
336,Gabriel Moreno,5,2024,24,ARI,NL,97,351,305,39,81,57,18,1,5,45,3,1,41,52,.266,.353,.380,.734,104,116,10,2,0,3,1,2H/5,morenga01
337,Edward Olivares,5,2024,28,PIT,NL,55,196,174,22,39,30,4,0,5,23,1,0,16,37,.224,.291,.333,.624,75,58,3,2,0,4,0,9/DH7,olivaed02
338,Richie Palacios,5,2024,27,TBR,AL,92,316,264,46,59,45,8,1,5,21,19,1,45,67,.223,.346,.318,.664,94,84,5,5,0,1,2,497H/D56,palacri01
339,Emmanuel Rivera,5,2024,28,BALMIA,ALNL,123,302,265,24,63,47,9,2,5,29,2,0,26,69,.238,.312,.343,.656,84,91,7,5,1,5,0,53H/1D,riverem01
340,Daniel Schneemann,5,2024,27,CLE,AL,73,221,193,17,42,25,10,2,5,22,3,2,25,70,.218,.303,.368,.671,91,71,1,0,0,3,0,6589H/47D,schneda04
341,DJ Stewart,5,2024,30,NYM,NL,74,194,158,16,28,19,4,0,5,19,1,0,31,48,.177,.325,.297,.622,80,47,5,4,0,1,0,9HD7/3,stewadj01
342,Michael A. Taylor,5,2024,33,PIT,NL,113,300,269,35,52,37,9,1,5,21,12,1,23,105,.193,.253,.290,.543,52,78,3,0,4,4,0,8H/7D,taylomi02
343,Miguel Vargas,5,2024,24,CHWLAD,ALNL,72,237,206,22,31,19,7,0,5,16,3,1,25,57,.150,.249,.257,.506,45,53,4,3,0,3,0,57/HD3,vargami01
344,Jordan Walker,5,2024,22,STL,NL,51,178,164,16,33,17,10,1,5,20,1,0,10,50,.201,.253,.366,.619,72,60,4,2,0,2,0,9/HD,walkejo02
345,Ronald Acuña Jr.,4,2024,26,ATL,NL,49,222,192,38,48,35,8,1,4,15,16,3,27,53,.250,.351,.365,.716,101,70,4,3,0,0,0,9,acunaro01
346,Miguel Andujar,4,2024,29,OAK,AL,75,319,302,31,86,67,14,1,4,30,3,2,13,42,.285,.320,.377,.697,103,114,10,3,0,1,0,7/D3H,andujmi01
347,Luis Arraez,4,2024,27,MIASDP,NL,150,672,637,83,200,161,32,3,4,46,9,3,24,29,.314,.346,.392,.739,107,250,18,8,2,1,3,3D4/H,arraelu01
348,Brett Baty,4,2024,24,NYM,NL,50,171,153,15,35,28,3,0,4,16,0,0,16,42,.229,.306,.327,.633,81,50,3,1,1,0,1,5/H,batybr01
349,Bo Bichette,4,2024,26,TOR,AL,81,336,311,29,70,49,16,1,4,31,5,1,20,64,.225,.277,.322,.598,70,100,12,3,0,2,1,6,bichebo01
350,Dairon Blanco,4,2024,31,KCR,AL,88,132,120,37,31,23,4,0,4,13,31,7,8,32,.258,.308,.392,.699,98,47,2,1,1,1,0,H798D,blancda02
351,Matt Carpenter,4,2024,38,STL,NL,59,157,137,15,32,21,7,0,4,15,0,2,15,51,.234,.314,.372,.686,93,51,0,2,0,2,0,DH/345,carpema01
352,Andrés Chaparro,4,2024,25,WSN,NL,33,132,121,12,26,10,12,0,4,15,1,1,7,24,.215,.280,.413,.694,94,50,3,4,0,0,0,D3,chapaan01
353,J.D. Davis,4,2024,31,NYYOAK,AL,46,157,142,13,31,22,5,0,4,6,0,0,12,39,.218,.293,.338,.631,83,48,5,3,0,0,0,35/DH,davisjd01
354,Adrian Del Castillo,4,2024,24,ARI,NL,25,87,80,12,25,16,5,0,4,19,1,1,7,28,.313,.368,.525,.893,145,42,1,0,0,0,0,2/H,delcaad01
355,Brandon Drury,4,2024,31,LAA,AL,97,360,325,28,55,44,7,0,4,15,1,0,27,81,.169,.242,.228,.469,34,74,13,5,0,3,0,45D3/H,drurybr01
356,Mauricio Dubón,4,2024,29,HOU,AL,137,428,402,45,108,79,25,0,4,47,3,2,16,55,.269,.296,.361,.657,87,145,6,2,3,5,0,7483H95/6,dubonma01
357,Wilmer Flores,4,2024,32,SFG,NL,71,242,214,19,44,28,12,0,4,26,0,0,20,33,.206,.277,.318,.595,71,68,5,3,0,5,1,3H/D5,florewi01
358,Nick Fortes,4,2024,27,MIA,NL,110,335,308,28,70,50,16,0,4,29,0,1,11,41,.227,.259,.318,.577,60,98,6,4,7,5,0,*2/H,forteni01
359,Adam Frazier,4,2024,32,KCR,AL,104,294,262,35,53,38,10,1,4,22,3,0,22,59,.202,.282,.294,.576,65,77,0,7,3,0,0,4H9D7/53,fraziad01
360,Ke'Bryan Hayes,4,2024,27,PIT,NL,96,396,365,38,85,72,9,0,4,25,11,2,23,75,.233,.283,.290,.573,62,106,12,4,0,4,1,5/H,hayeske01
361,Jose Iglesias,4,2024,34,NYM,NL,85,291,270,39,91,70,16,1,4,26,6,2,12,39,.337,.381,.448,.830,136,121,4,8,0,1,1,45/H6,iglesjo01
362,Leo Jiménez,4,2024,23,TOR,AL,63,210,179,18,41,26,11,0,4,19,0,0,12,59,.229,.329,.358,.686,95,64,6,16,0,3,0,64/HD,jimenle01
363,Niko Kavadas,4,2024,25,LAA,AL,30,106,93,11,17,11,2,0,4,8,1,0,11,41,.183,.283,.333,.616,74,31,0,2,0,0,0,D/3H,kavadni01
364,Heston Kjerstad,4,2024,25,BAL,AL,39,114,99,8,25,19,2,0,4,14,1,0,10,33,.253,.351,.394,.745,116,39,0,5,0,0,2,D7H/9,kjershe01
365,Joey Loperfido,4,2024,25,HOUTOR,AL,81,262,243,24,52,31,13,4,4,25,4,2,13,95,.214,.264,.350,.614,73,85,3,4,1,1,0,789/H3D,loperjo01
366,Martín Maldonado,4,2024,37,CHW,AL,48,147,135,9,16,9,3,0,4,11,0,0,8,51,.119,.174,.230,.403,14,31,5,1,3,0,0,2,maldoma01
367,Manuel Margot,4,2024,29,MIN,AL,129,343,315,37,75,53,17,1,4,31,5,0,21,54,.238,.289,.337,.626,76,106,10,3,1,3,0,*79H8/D,margoma01
368,Noelvi Marté,4,2024,22,CIN,NL,66,242,229,24,48,35,9,0,4,18,9,3,9,75,.210,.248,.301,.549,49,69,1,3,0,1,0,5D/H4,marteno01
369,Zach McKinstry,4,2024,29,DET,AL,118,325,297,32,64,41,14,5,4,23,16,0,24,69,.215,.277,.337,.614,73,100,3,2,0,2,0,65H479/1D,mckinza01
370,Whit Merrifield,4,2024,35,ATLPHI,NL,95,335,293,44,65,49,9,3,4,15,17,3,35,52,.222,.311,.314,.625,75,92,7,3,4,0,0,475H/D,merriwh01
371,Elehuris Montero,4,2024,25,COL,NL,67,247,224,23,46,32,10,0,4,28,0,0,20,56,.205,.267,.304,.571,53,68,7,0,0,3,0,3D/H,monteel01
372,Tomás Nido,4,2024,30,CHCNYM,NL,49,140,130,14,25,17,4,0,4,12,0,0,5,35,.192,.219,.315,.534,50,41,1,0,3,2,0,2/H,nidoto01
373,James Outman,4,2024,27,LAD,NL,53,156,136,12,20,12,4,0,4,11,2,1,16,55,.147,.256,.265,.521,49,36,0,4,0,0,0,8H/79,outmaja01
374,Víctor Robles,4,2024,27,SEAWSN,ALNL,91,295,254,44,78,54,20,0,4,28,34,2,21,53,.307,.381,.433,.814,139,110,2,11,6,3,0,897/HD,roblevi01
375,Trey Sweeney,4,2024,24,DET,AL,36,119,110,11,24,15,5,0,4,17,2,0,7,32,.218,.269,.373,.642,79,41,3,1,0,1,0,6,sweentr01
376,Chris Taylor,4,2024,33,LAD,NL,87,246,213,28,43,31,7,1,4,23,5,1,28,76,.202,.298,.300,.598,71,64,5,2,1,2,0,754H/8,tayloch03
377,Luis Urías,4,2024,27,SEA,AL,41,109,94,11,18,7,7,0,4,16,0,0,9,34,.191,.303,.394,.696,104,37,2,6,0,0,0,5/HD,uriaslu01
378,Brett Wisely,4,2024,25,SFG,NL,91,272,252,25,60,42,13,1,4,31,2,3,13,65,.238,.278,.345,.623,78,87,3,2,2,3,0,46H/538,wiselbr01
379,Luisangel Acuña,3,2024,22,NYM,NL,14,40,39,6,12,6,2,1,3,6,0,1,1,6,.308,.325,.641,.966,166,25,1,0,0,0,0,6/DH4,acunajo01
380,Blaze Alexander,3,2024,25,ARI,NL,61,185,166,19,41,31,7,0,3,21,3,1,15,49,.247,.321,.343,.664,85,57,1,3,1,0,0,64D/H5,alexabl01
381,Gabriel Arias,3,2024,24,CLE,AL,53,161,153,15,34,21,9,1,3,15,5,2,6,53,.222,.255,.353,.608,71,54,4,1,0,1,0,56/4H38D79,ariasga01
382,Jordan Beck,3,2024,23,COL,NL,55,184,170,14,32,23,6,0,3,13,7,1,12,65,.188,.245,.276,.521,40,47,3,1,0,1,1,79/8H,beckjo01
383,Alex Call,3,2024,29,WSN,NL,30,113,99,15,34,22,9,0,3,14,5,1,12,19,.343,.425,.525,.950,168,52,2,2,0,0,0,9/87H,callal02
384,Dylan Carlson,3,2024,25,STLTBR,ALNL,96,265,235,19,49,39,7,0,3,25,2,1,22,75,.209,.287,.277,.563,62,65,2,5,0,3,0,798H/D,carlsdy01
385,Griffin Conine,3,2024,26,MIA,NL,30,89,82,14,22,14,4,1,3,12,0,0,6,28,.268,.326,.451,.777,113,37,1,1,0,0,0,9/7HD,coningr01
386,Billy Cook,3,2024,25,PIT,NL,16,49,49,5,11,6,2,0,3,8,1,0,0,19,.224,.224,.449,.673,82,22,0,0,0,0,0,/3897,cookbi01
387,Dylan Crews,3,2024,22,WSN,NL,31,132,119,12,26,17,5,1,3,8,12,3,11,26,.218,.288,.353,.641,81,42,4,1,0,1,0,9/8,crewsdy01
388,David Dahl,3,2024,30,PHI,NL,19,62,58,6,12,7,2,0,3,8,0,0,3,21,.207,.242,.397,.638,73,23,0,0,0,1,0,7/D9H,dahlda01
389,Ezequiel Durán,3,2024,25,TEX,AL,92,285,268,26,66,52,11,0,3,20,1,2,14,63,.246,.288,.321,.609,78,86,6,2,0,1,0,573DH/6498,duranez01
390,Estevan Florial,3,2024,26,CLE,AL,36,111,98,11,17,6,6,2,3,11,2,1,11,41,.173,.264,.367,.631,78,36,2,1,1,0,0,79D/H8,flories01
391,Robbie Grossman,3,2024,34,CHWKCRTEX,AL,87,245,208,21,44,33,8,0,3,16,3,0,34,58,.212,.322,.293,.616,81,61,8,1,0,2,0,DH79,grossro01
392,Brett Harris,3,2024,26,OAK,AL,36,123,103,15,15,9,3,0,3,12,0,3,17,25,.146,.276,.262,.539,59,27,3,2,0,1,0,5/H,harribr02
393,Alex Jackson,3,2024,28,TBR,AL,58,155,139,17,17,7,7,0,3,12,1,0,12,53,.122,.201,.237,.439,26,33,2,2,1,1,0,2/H,jacksal02
394,Nolan Jones,3,2024,26,COL,NL,79,297,256,28,58,41,13,1,3,28,5,4,36,91,.227,.321,.320,.641,73,82,7,1,1,3,2,7/DH,jonesno01
395,Corey Julks,3,2024,28,CHW,AL,66,189,173,17,37,27,7,0,3,14,5,2,15,50,.214,.275,.306,.581,67,53,6,0,0,1,0,97H/D8,julksco01
396,Brooks Lee,3,2024,23,MIN,AL,50,185,172,9,38,28,6,1,3,27,3,0,11,27,.221,.265,.320,.585,64,55,6,0,0,2,2,654/HD,leebr02
397,Rafael Marchán,3,2024,25,PHI,NL,17,56,51,8,15,8,4,0,3,6,0,0,3,8,.294,.345,.549,.894,143,28,1,1,1,0,0,2,marchra01
398,Angel Martínez,3,2024,22,CLE,AL,43,169,151,16,35,25,7,0,3,11,3,1,15,33,.232,.298,.338,.635,81,51,2,0,1,2,0,87/9H5D4,martian02
399,Reese McGuire,3,2024,29,BOS,AL,53,158,139,10,29,23,3,0,3,18,3,0,13,39,.209,.280,.295,.575,63,41,4,2,1,3,0,2/HD,mcguire01
400,Danny Mendick,3,2024,30,CHW,AL,47,141,132,13,26,16,7,0,3,8,6,0,6,35,.197,.243,.318,.561,59,42,3,2,1,0,0,54H/1D,mendida01
401,Joey Meneses,3,2024,32,WSN,NL,76,313,281,19,65,51,11,0,3,42,2,0,21,63,.231,.291,.302,.593,69,85,9,5,0,6,1,3D/H,menesjo01
402,Dane Myers,3,2024,28,MIA,NL,44,108,95,17,25,15,6,1,3,19,4,1,8,36,.263,.333,.442,.775,113,42,0,3,0,2,0,9H8/7D,myersda01
403,Kevin Newman,3,2024,30,ARI,NL,111,311,288,41,80,59,17,1,3,28,8,1,15,48,.278,.311,.375,.686,90,108,7,0,6,2,1,643/H57D,newmake01
404,Geraldo Perdomo,3,2024,24,ARI,NL,98,388,337,61,92,66,21,2,3,37,9,1,36,58,.273,.344,.374,.718,100,126,5,3,7,5,0,6/H,perdoge01
405,Bryan Ramos,3,2024,22,CHW,AL,32,108,99,13,20,13,4,0,3,11,0,2,7,22,.202,.252,.333,.586,66,33,3,0,0,1,0,5/DH,ramosbr01
406,Johan Rojas,3,2024,23,PHI,NL,120,363,338,47,82,64,12,3,3,32,25,4,13,69,.243,.279,.322,.601,67,109,7,4,8,0,0,*8/HD,rojasjo03
407,Ben Rortvedt,3,2024,26,TBR,AL,112,328,290,27,66,50,13,0,3,31,1,0,34,88,.228,.317,.303,.621,80,88,6,4,0,0,0,*2H/1,rortvbe01
408,Amed Rosario,3,2024,28,CINLADTBR,ALNL,103,346,332,29,93,69,18,3,3,32,13,5,9,73,.280,.306,.380,.686,94,126,10,4,0,1,0,49DH56,rosaram01
409,Eguy Rosario,3,2024,24,SDP,NL,30,57,53,5,13,4,6,0,3,6,0,0,2,20,.245,.286,.528,.814,121,28,1,1,1,0,0,5H/D4,rosareg01
410,Kyle Stowers,3,2024,26,BALMIA,ALNL,69,209,192,15,40,24,11,2,3,24,0,1,13,74,.208,.268,.333,.601,67,64,2,3,0,1,0,79H8/D,stoweky01
411,José Tena,3,2024,23,CLEWSN,ALNL,44,168,161,14,43,35,5,0,3,15,6,1,7,41,.267,.298,.354,.652,84,57,1,0,0,0,0,5/4DH,tenajo01
412,Alek Thomas,3,2024,24,ARI,NL,39,103,95,13,18,9,5,1,3,17,4,1,7,17,.189,.245,.358,.603,65,34,7,0,1,0,0,8/HD,thomaal01
413,Luis Torrens,3,2024,28,NYM,NL,47,130,118,14,27,16,8,0,3,15,0,1,9,28,.229,.292,.373,.665,88,44,5,2,0,1,0,2/HD1,torrelu01
414,Weston Wilson,3,2024,29,PHI,NL,40,98,88,13,25,14,7,1,3,10,3,0,8,29,.284,.347,.489,.836,129,43,2,1,0,1,0,7H/549318,wilsowe01
415,Jacob Young,3,2024,24,WSN,NL,150,521,468,75,120,92,24,1,3,36,33,10,30,102,.256,.316,.331,.648,85,155,11,12,9,2,0,*8/HD,youngja03
416,José Abreu,2,2024,37,HOU,AL,35,120,113,10,14,10,2,0,2,7,0,0,4,28,.124,.167,.195,.361,3,22,4,2,0,1,0,3/H,abreujo02
417,Riley Adams,2,2024,28,WSN,NL,41,130,116,10,26,18,5,1,2,8,1,0,10,35,.224,.292,.336,.629,78,39,4,2,0,2,1,2/DH,adamsri03
418,Nick Ahmed,2,2024,34,LADSDPSFG,NL,71,228,210,20,48,39,6,1,2,17,2,1,11,51,.229,.267,.295,.562,61,62,6,1,3,3,0,6/H4,ahmedni01
419,Akil Baddoo,2,2024,25,DET,AL,31,82,73,7,10,4,2,2,2,5,1,0,8,27,.137,.220,.301,.521,46,22,0,0,0,1,0,7/89H,baddoak01
420,Luken Baker,2,2024,27,STL,NL,21,49,40,3,7,3,1,1,2,10,1,0,7,11,.175,.286,.400,.686,91,16,1,0,0,2,0,DH/3,bakerlu01
421,Brooks Baldwin,2,2024,23,CHW,AL,33,121,114,9,24,16,6,0,2,8,4,0,6,31,.211,.250,.316,.566,61,36,1,0,1,0,0,4/6,baldwbr01
422,Ryan Bliss,2,2024,24,SEA,AL,33,71,63,10,14,8,3,1,2,9,5,3,5,22,.222,.290,.397,.687,101,25,1,1,2,0,0,4H/D,blissry01
423,Vidal Bruján,2,2024,26,MIA,NL,102,278,248,32,55,37,14,2,2,16,5,6,25,54,.222,.303,.319,.622,74,79,5,4,1,0,3,46H58/9713,brujavi01
424,Kris Bryant,2,2024,32,COL,NL,37,155,133,9,29,22,5,0,2,15,0,0,13,48,.218,.323,.301,.623,69,40,6,8,0,1,0,D93,bryankr01
425,Zach Dezenzo,2,2024,24,HOU,AL,19,65,62,5,15,11,2,0,2,8,0,0,3,22,.242,.277,.371,.648,83,23,3,0,0,0,0,3/5DH,dezenza01
426,Jasson Domínguez,2,2024,21,NYY,AL,18,67,56,8,10,7,1,0,2,4,5,0,11,19,.179,.313,.304,.617,78,17,0,0,0,0,0,7/8HD,dominja01
427,Christian Encarnacion-Strand,2,2024,24,CIN,NL,29,123,116,13,22,14,6,0,2,16,0,0,4,35,.190,.220,.293,.513,39,34,4,1,0,2,0,3,encarch01
428,Sal Frelick,2,2024,24,MIL,NL,145,524,475,66,123,95,22,4,2,32,18,3,39,78,.259,.320,.335,.655,84,159,8,4,2,1,0,*987H/5D,frelisa01
429,Avisaíl García,2,2024,33,MIA,NL,18,51,50,4,12,9,1,0,2,2,0,0,1,13,.240,.255,.380,.635,73,19,4,0,0,0,0,9/H,garciav01
430,Yan Gomes,2,2024,36,CHC,NL,34,96,91,7,14,10,2,0,2,7,0,0,2,36,.154,.179,.242,.421,18,22,2,1,1,1,0,2,gomesya01
431,Austin Hedges,2,2024,31,CLE,AL,66,146,132,12,20,15,3,0,2,15,2,0,6,50,.152,.203,.220,.422,21,29,2,3,3,2,0,2/1,hedgeau01
432,Charles Leblanc,2,2024,28,LAA,AL,11,28,21,6,4,2,0,0,2,6,0,0,7,9,.190,.393,.476,.869,145,10,0,0,0,0,0,/543D,leblach01
433,Jung Hoo Lee,2,2024,25,SFG,NL,37,158,145,15,38,32,4,0,2,8,2,3,10,13,.262,.310,.331,.641,85,48,2,1,0,2,0,8,leeju01
434,DJ LeMahieu,2,2024,35,NYY,AL,67,228,201,19,41,34,5,0,2,26,0,1,19,35,.204,.269,.259,.527,52,52,13,1,1,6,0,35/H,lemahdj01
435,Tyler Locklear,2,2024,23,SEA,AL,16,49,45,3,7,4,1,0,2,3,1,0,3,20,.156,.224,.311,.536,56,14,3,1,0,0,0,3/H,locklty01
436,Luke Maile,2,2024,33,CIN,NL,53,154,135,8,24,18,4,0,2,8,2,0,13,52,.178,.268,.252,.520,44,34,4,4,1,1,0,2/1HD,mailelu01
437,Ryan McKenna,2,2024,27,BALSFG,ALNL,13,15,14,4,3,1,0,0,2,2,1,1,1,5,.214,.267,.643,.910,152,9,0,0,0,0,0,/9H78,mckenry01
438,Joshua Palacios,2,2024,28,PIT,NL,23,78,67,10,15,11,2,0,2,9,1,0,10,12,.224,.333,.343,.677,91,23,1,1,0,0,0,9/78H,palacjo01
439,Graham Pauley,2,2024,23,SDP,NL,13,32,32,4,4,2,0,0,2,5,0,0,0,15,.125,.125,.313,.438,17,10,1,0,0,0,0,/5DH3,paulegr01
440,René Pinto,2,2024,27,TBR,AL,19,49,42,5,9,4,3,0,2,6,0,0,4,18,.214,.292,.429,.720,104,18,0,1,1,1,0,2,pintore02
441,Harold Ramírez,2,2024,29,TBRWSN,ALNL,73,246,238,28,62,52,7,1,2,29,6,2,5,50,.261,.280,.324,.604,73,77,2,2,0,1,0,DH/97,ramirha02
442,Esteury Ruiz,2,2024,25,OAK,AL,29,65,55,10,11,6,2,1,2,8,5,4,4,20,.200,.270,.382,.652,87,21,1,2,2,2,0,7H/8,ruizes01
443,Miguel Sanó,2,2024,31,LAA,AL,28,95,83,9,17,12,3,0,2,6,0,0,9,36,.205,.295,.313,.608,73,26,2,2,0,1,0,5/D3H1,sanomi01
444,Aaron Schunk,2,2024,26,COL,NL,39,98,94,14,22,17,3,0,2,7,0,1,4,31,.234,.265,.330,.595,59,31,0,0,0,0,1,45/H6D,schunaa01
445,Victor Scott II,2,2024,23,STL,NL,53,155,145,14,26,15,9,0,2,10,5,1,6,42,.179,.219,.283,.502,41,41,0,2,0,2,0,8/9H7,scottvi01
446,Michael Siani,2,2024,24,STL,NL,124,334,298,42,68,57,7,2,2,20,20,3,21,92,.228,.285,.285,.570,62,85,2,3,11,1,0,*8H/97D,sianimi01
447,Austin Slater,2,2024,31,BALCINSFG,ALNL,84,212,177,24,37,31,4,0,2,18,3,2,26,60,.209,.321,.266,.586,72,47,5,5,0,4,0,9H78/D,slateau01
448,Trevor Story,2,2024,31,BOS,AL,26,106,94,8,24,15,7,0,2,10,6,3,11,33,.255,.340,.394,.733,107,37,2,1,0,0,2,6,storytr01
449,Matt Thaiss,2,2024,29,LAA,AL,57,186,157,14,32,21,9,0,2,16,3,0,28,58,.204,.323,.299,.622,78,47,2,0,0,1,0,2/DH,thaisma01
450,Eric Wagaman,2,2024,26,LAA,AL,18,74,72,6,18,11,5,0,2,10,0,0,2,17,.250,.270,.403,.673,87,29,1,0,0,0,0,5/7H,wagamer01
451,Will Wagner,2,2024,25,TOR,AL,24,86,82,8,25,17,6,0,2,11,0,0,4,16,.305,.337,.451,.788,122,37,3,0,0,0,0,4/H3D,wagnewi01
452,Jamie Westbrook,2,2024,29,BOS,AL,21,48,40,4,6,2,2,0,2,7,0,0,4,14,.150,.234,.350,.584,62,14,0,1,0,2,0,4/H59D,westbja02
453,Nick Yorke,2,2024,22,PIT,NL,11,42,37,4,8,6,0,0,2,5,2,0,4,12,.216,.286,.378,.664,84,14,0,0,0,1,0,/4957,yorkeni01
454,Jordyn Adams,1,2024,24,LAA,AL,11,38,35,4,8,7,0,0,1,4,2,0,3,12,.229,.289,.314,.604,71,11,1,0,0,0,0,/987H,adamsjo03
455,Ehire Adrianza,1,2024,34,LAA,AL,8,28,26,4,5,3,1,0,1,2,0,0,2,11,.192,.250,.346,.596,67,9,1,0,0,0,0,/54H,adriaeh01
456,Nick Allen,1,2024,25,OAK,AL,41,105,97,6,17,12,4,0,1,4,0,0,5,20,.175,.216,.247,.463,35,24,0,0,3,0,0,6/5H4,allenni02
457,Austin Barnes,1,2024,34,LAD,NL,54,156,140,12,37,33,3,0,1,11,3,0,14,36,.264,.331,.307,.638,83,43,3,0,2,0,0,2/HD4,barneau01
458,Jon Berti,1,2024,34,NYY,AL,25,74,66,10,18,17,0,0,1,6,5,1,6,14,.273,.342,.318,.661,91,21,2,1,1,0,0,5/H47D,bertijo01
459,Sean Bouchard,1,2024,28,COL,NL,31,108,91,14,17,9,7,0,1,8,4,0,12,33,.187,.290,.297,.586,58,27,0,2,1,2,0,97/DH,bouchse01
460,Trey Cabbage,1,2024,27,HOU,AL,45,91,86,12,18,9,8,0,1,8,1,1,4,34,.209,.253,.337,.590,67,29,1,1,0,0,0,9H7/D,cabbatr01
461,Gustavo Campero,1,2024,26,LAA,AL,13,48,46,6,11,9,0,1,1,6,3,0,0,8,.239,.271,.348,.619,74,16,0,2,0,0,0,9/7H,campegu01
462,Alexander Canario,1,2024,24,CHC,NL,15,28,25,4,7,5,1,0,1,2,1,0,2,11,.280,.357,.440,.797,125,11,0,1,0,0,0,7/9HD,canaral01
463,Curt Casali,1,2024,35,SFG,NL,41,125,108,12,21,17,3,0,1,8,0,0,13,22,.194,.293,.250,.543,59,27,3,2,2,0,0,2,casalcu01
464,Jonatan Clase,1,2024,22,SEATOR,AL,26,66,61,7,15,12,2,0,1,5,3,1,3,17,.246,.303,.328,.631,84,20,1,2,0,0,0,7/8HD,clasejo01
465,Garrett Cooper,1,2024,33,BOSCHC,ALNL,36,116,107,6,22,15,5,1,1,11,0,0,7,35,.206,.267,.299,.566,60,32,3,2,0,0,0,3D/H7,coopega03
466,Brandon Crawford,1,2024,37,STL,NL,28,80,71,5,12,6,5,0,1,4,0,0,8,26,.169,.263,.282,.544,54,20,0,1,0,0,0,6/5HD1,crawfbr01
467,Bobby Dalbec,1,2024,29,BOS,AL,37,93,83,6,11,8,2,0,1,8,3,0,8,43,.133,.217,.193,.410,18,16,1,1,1,0,0,35/H9D,dalbebo01
468,Henry Davis,1,2024,24,PIT,NL,37,122,104,9,15,10,4,0,1,5,0,0,13,45,.144,.242,.212,.453,29,22,1,1,1,2,0,2/HD,davishe01
469,Zach DeLoach,1,2024,25,CHW,AL,22,75,67,10,14,8,5,0,1,5,0,1,8,21,.209,.293,.328,.622,78,22,0,0,0,0,0,9/7H8D,deloaza01
470,Dillon Dingler,1,2024,25,DET,AL,27,87,84,2,14,6,5,2,1,11,0,0,3,30,.167,.195,.310,.505,40,26,2,0,0,0,0,2,dingldi01
471,Logan Driscoll,1,2024,26,TBR,AL,15,37,35,2,6,5,0,0,1,5,0,0,1,6,.171,.189,.257,.446,27,9,0,0,0,1,0,2,drisclo01
472,Blake Dunn,1,2024,25,CIN,NL,19,29,26,8,4,2,1,0,1,1,2,0,2,11,.154,.241,.308,.549,49,8,1,1,0,0,0,7/H89D,dunnbl01
473,Oliver Dunn,1,2024,26,MIL,NL,41,104,95,11,21,16,2,2,1,7,3,0,6,40,.221,.282,.316,.597,67,30,1,2,1,0,0,5H/D34,dunnol01
474,Xavier Edwards,1,2024,24,MIA,NL,70,303,265,39,87,69,12,5,1,26,31,4,33,52,.328,.397,.423,.820,129,112,0,0,1,4,1,6/H4,edwarxa01
475,Dominic Fletcher,1,2024,26,CHW,AL,72,241,223,14,46,37,8,0,1,17,0,0,11,58,.206,.252,.256,.508,46,57,5,3,2,1,1,98/H7,fletcdo01
476,Mike Ford,1,2024,31,CIN,NL,17,62,60,2,9,7,0,1,1,4,0,0,2,15,.150,.177,.233,.411,11,14,1,0,0,0,0,D/3H,fordmi01
477,Ben Gamel,1,2024,32,HOUNYM,ALNL,38,99,81,22,20,15,4,0,1,4,1,0,18,24,.247,.384,.333,.717,108,27,0,0,0,0,1,97/HD,gamelbe01
478,Stone Garrett,1,2024,28,WSN,NL,2,6,5,2,3,1,1,0,1,3,0,0,1,0,.600,.667,1.400,2.067,465,7,0,0,0,0,0,/DH,garrest01
479,Dustin Harris,1,2024,24,TEX,AL,2,7,6,1,2,0,1,0,1,3,0,0,1,2,.333,.429,1.000,1.429,301,6,0,0,0,0,0,/D,harridu01
480,David Hensley,1,2024,28,MIA,NL,23,58,52,9,11,9,1,0,1,4,1,0,6,17,.212,.293,.288,.582,63,15,0,0,0,0,0,9/H37D15,henslda01
481,Darell Hernaiz,1,2024,22,OAK,AL,48,135,120,8,23,19,3,0,1,12,1,1,11,27,.192,.261,.242,.503,48,29,4,1,1,2,0,56/H4,hernada04
482,José Herrera,1,2024,27,ARI,NL,42,114,97,11,22,16,4,1,1,13,0,0,9,27,.227,.290,.320,.609,70,31,1,0,7,1,0,2/H5D,herrejo04
483,Aaron Hicks,1,2024,34,LAA,AL,18,63,57,6,8,7,0,0,1,5,0,0,6,23,.140,.222,.193,.415,19,11,1,0,0,0,0,/9DH781,hicksaa01
484,Travis Jankowski,1,2024,33,TEX,AL,104,207,190,19,38,32,5,0,1,12,11,1,12,44,.200,.266,.242,.508,51,46,3,5,0,0,0,9H7D8,jankotr01
485,Jahmai Jones,1,2024,26,NYY,AL,33,47,42,8,10,7,1,1,1,4,1,1,2,16,.238,.304,.381,.685,94,16,0,2,1,0,0,H/9D745,jonesja08
486,Greg Jones,1,2024,26,COL,NL,6,6,5,1,1,0,0,0,1,1,0,0,1,4,.200,.333,.800,1.133,190,4,0,0,0,0,0,/9H,jonesgr02
487,DaShawn Keirsey Jr.,1,2024,27,MIN,AL,6,14,13,1,2,1,0,0,1,1,0,0,0,1,.154,.214,.385,.599,64,5,0,1,0,0,0,/87,keirsda01
488,Buddy Kennedy,1,2024,25,DETPHI,ALNL,14,26,21,3,4,2,1,0,1,6,1,0,4,7,.190,.308,.381,.689,92,8,0,0,0,1,0,/H45D,kennebu01
489,Andrew Knizner,1,2024,29,TEX,AL,35,93,90,5,15,13,1,0,1,9,0,0,1,22,.167,.183,.211,.394,15,19,2,1,0,1,0,2/1D,kniznan01
490,Ryan Kreidler,1,2024,26,DET,AL,35,65,59,9,7,6,0,0,1,2,5,3,6,19,.119,.200,.169,.369,6,10,2,0,0,0,0,6/5H78D,kreidry01
491,Trey Lipscomb,1,2024,24,WSN,NL,61,211,190,20,38,34,3,0,1,10,11,2,16,40,.200,.268,.232,.500,44,44,7,2,1,1,0,5/3H4D,lipsctr01
492,Brandon Lockridge,1,2024,27,SDP,NL,12,12,12,4,2,1,0,0,1,1,2,0,0,4,.167,.167,.417,.583,56,5,0,0,0,0,0,/7H9D8,lockrbr01
493,Nick Loftin,1,2024,25,KCR,AL,56,171,148,15,28,23,4,0,1,14,1,0,19,24,.189,.282,.236,.519,51,35,4,1,1,2,0,45H/3D71,loftini01
494,Nicky Lopez,1,2024,29,CHW,AL,124,445,398,40,96,80,12,3,1,21,5,7,37,67,.241,.312,.294,.606,76,117,3,4,6,0,0,46/H,lopezni01
495,Jack López,1,2024,31,LAA,AL,27,71,67,4,17,13,3,0,1,6,0,1,2,25,.254,.286,.343,.629,77,23,2,1,1,0,0,4/6H9,lopezja03
496,Nathan Lukes,1,2024,29,TOR,AL,22,91,76,13,23,16,4,2,1,10,1,0,10,9,.303,.371,.447,.818,131,34,1,0,2,3,0,7/98HD,lukesna01
497,Bligh Madris,1,2024,28,DET,AL,21,75,67,8,18,14,3,0,1,5,0,0,6,20,.269,.324,.358,.683,93,24,0,0,0,1,0,3/9H,madribl01
498,Austin Martin,1,2024,25,MIN,AL,93,257,233,41,59,39,18,1,1,16,7,3,20,47,.253,.318,.352,.670,89,82,4,2,2,0,0,78H4/D,martiau01
499,Curtis Mead,1,2024,23,TBR,AL,38,132,122,10,29,25,3,0,1,7,2,0,6,30,.238,.282,.287,.569,65,35,2,2,0,1,0,45/DH3,meadcu01
500,Drew Millas,1,2024,26,WSN,NL,20,62,57,7,14,12,1,0,1,1,4,0,5,16,.246,.306,.316,.622,78,18,1,0,0,0,0,2/HD,milladr01
501,Andruw Monasterio,1,2024,27,MIL,NL,59,142,125,14,26,20,5,0,1,16,6,2,16,40,.208,.303,.272,.575,63,34,3,1,0,0,0,54H/3D7,monasan01
502,Tom Murphy,1,2024,33,SFG,NL,13,38,34,3,4,2,1,0,1,2,0,0,4,14,.118,.211,.235,.446,28,8,0,0,0,0,0,2/DH,murphto04
503,Ryan Noda,1,2024,28,OAK,AL,36,111,95,8,13,8,4,0,1,4,0,0,14,37,.137,.255,.211,.465,38,20,0,1,1,0,0,3/H9D,nodary01
504,Cristian Pache,1,2024,25,BALMIAPHI,ALNL,88,183,165,13,33,23,8,1,1,16,1,0,17,64,.200,.273,.279,.552,54,46,2,0,0,1,0,8H7/9D,pachecr01
505,Kyren Paris,1,2024,22,LAA,AL,21,59,51,4,6,3,2,0,1,5,1,0,7,17,.118,.224,.216,.440,26,11,1,0,0,0,0,4/H6D,parisky01
506,Oswald Peraza,1,2024,24,NYY,AL,4,11,10,2,2,1,0,0,1,1,0,0,1,3,.200,.273,.500,.773,114,5,0,0,0,0,0,/5,perazos02
507,Jakson Reetz,1,2024,28,SFG,NL,6,15,14,1,2,0,1,0,1,1,0,0,1,5,.143,.200,.429,.629,74,6,1,0,0,0,0,/2H,reetzja01
508,Thomas Saggese,1,2024,22,STL,NL,18,52,49,5,10,7,2,0,1,4,0,0,2,14,.204,.250,.306,.556,56,15,0,1,0,0,0,4/65,saggeth01
509,Austin Shenton,1,2024,26,TBR,AL,19,50,42,3,9,3,5,0,1,3,0,0,8,14,.214,.340,.405,.745,114,17,1,0,0,0,0,3/HD,shentau01
510,Braden Shewmake,1,2024,26,CHW,AL,29,67,64,4,8,5,2,0,1,4,5,1,1,10,.125,.134,.203,.337,-5,13,0,0,0,2,0,6/54HD,shewmbr01
511,Garrett Stubbs,1,2024,31,PHI,NL,54,187,164,18,34,28,4,1,1,11,5,0,17,50,.207,.296,.262,.558,57,43,0,4,0,1,0,2/1H,stubbga01
512,Brett Sullivan,1,2024,30,SDP,NL,7,17,16,1,3,2,0,0,1,2,0,0,1,4,.188,.235,.375,.610,67,6,0,0,0,0,0,/23H,sullibr01
513,Ildemaro Vargas,1,2024,32,WSN,NL,95,303,272,21,67,50,16,0,1,30,9,4,19,31,.246,.295,.316,.611,74,86,9,2,5,5,0,547H/613D,vargail01
514,Ryan Vilade,1,2024,25,DET,AL,17,49,45,5,8,7,0,0,1,5,0,0,2,12,.178,.208,.244,.453,28,11,2,0,1,1,0,7/98H3,viladry01
515,David Villar,1,2024,27,SFG,NL,11,37,35,3,9,4,4,0,1,4,0,0,1,13,.257,.270,.457,.727,104,16,0,0,0,1,0,3/DH,villada01
516,Daniel Vogelbach,1,2024,31,TOR,AL,31,79,70,5,13,7,5,0,1,8,0,0,9,17,.186,.278,.300,.578,65,21,4,0,0,0,0,DH,vogelda01
517,Taylor Walls,1,2024,27,TBR,AL,84,252,218,27,40,31,5,3,1,14,16,4,31,67,.183,.282,.248,.529,55,54,3,0,0,3,0,6/HD,wallsta01
518,Jared Walsh,1,2024,30,TEX,AL,17,60,53,9,12,9,2,0,1,7,0,0,7,21,.226,.317,.321,.637,88,17,2,0,0,0,0,3/H,walshja01
519,Donovan Walton,1,2024,30,SFG,NL,9,25,22,3,3,2,0,0,1,2,0,0,2,7,.136,.240,.273,.513,47,6,2,1,0,0,0,/41H,waltodo01
520,Davis Wendzel,1,2024,27,TEX,AL,27,49,47,2,6,3,2,0,1,2,0,0,1,12,.128,.163,.234,.397,15,11,1,1,0,0,0,5/HD43,wendzda01
521,Eli White,1,2024,30,ATL,NL,35,42,39,9,11,8,1,1,1,4,3,1,1,12,.282,.333,.436,.769,113,17,1,2,0,0,0,9H/78D4,whiteel04
522,Seby Zavala,1,2024,30,SEA,AL,18,43,39,4,6,3,2,0,1,2,0,0,3,16,.154,.214,.282,.496,45,11,2,0,1,0,0,2,zavalse01
523,Kevin Alcántara,0,2024,21,CHC,NL,3,10,10,1,1,1,0,0,0,0,0,0,0,1,.100,.100,.100,.200,-43,1,0,0,0,0,0,/9,alcanke01
524,CJ Alexander,0,2024,27,KCR,AL,4,8,8,0,1,1,0,0,0,0,0,0,0,3,.125,.125,.125,.250,-28,1,0,0,0,0,0,/5DH,alexacj01
525,Nacho Alvarez Jr.,0,2024,21,ATL,NL,8,32,30,1,3,3,0,0,0,0,0,0,0,10,.100,.156,.100,.256,-26,3,1,2,0,0,0,/45,alvarna01
526,Eddy Alvarez,0,2024,34,NYM,NL,12,11,9,2,0,0,0,0,0,0,0,0,1,2,.000,.182,.000,.182,-41,0,0,1,0,0,0,4/H16,alvared01
527,Armando Alvarez,0,2024,29,OAK,AL,16,39,37,7,9,8,1,0,0,2,1,0,2,8,.243,.282,.270,.552,63,10,1,0,0,0,0,/53H74,alvarar01
528,Adael Amador,0,2024,21,COL,NL,10,36,35,1,6,5,1,0,0,0,1,0,1,6,.171,.194,.200,.394,6,7,1,0,0,0,0,4,amadoad01
529,Jacob Amaya,0,2024,25,CHWHOU,AL,24,72,68,4,12,11,1,0,0,3,1,0,4,28,.176,.222,.191,.413,20,13,3,0,0,0,0,6/4,amayaja01
530,Tim Anderson,0,2024,31,MIA,NL,65,241,234,16,50,47,3,0,0,9,4,4,7,68,.214,.237,.226,.463,30,53,6,0,0,0,0,6/H,anderti01
531,Brian Anderson,0,2024,31,ATL,NL,3,5,5,0,0,0,0,0,0,0,0,0,0,2,.000,.000,.000,.000,-100,0,1,0,0,0,0,/95,anderbr06
532,Chase Anderson,0,2024,36,BOSTEX,AL,1,0,0,0,0,0,0,0,0,0,0,0,0,0,,,,,,0,0,0,0,0,0,1,anderch01
533,Pedro Avila,0,2024,27,CLESDP,ALNL,1,0,0,0,0,0,0,0,0,0,0,0,0,0,,,,,,0,0,0,0,0,0,1,avilape01
534,José Azócar,0,2024,28,SDP,NL,61,79,73,13,16,14,2,0,0,2,5,1,5,19,.219,.269,.247,.516,46,18,1,0,1,0,0,7H8/9D,azocajo01
535,Jihwan Bae,0,2024,24,PIT,NL,29,81,74,11,14,12,2,0,0,6,6,2,6,24,.189,.247,.216,.463,32,16,0,0,0,1,0,89/HD4,baeji01
536,Darren Baker,0,2024,25,WSN,NL,9,14,14,1,7,5,2,0,0,0,0,0,0,3,.500,.500,.643,1.143,222,9,0,0,0,0,0,/H4D7,bakerda02
537,David Bañuelos,0,2024,27,BAL,AL,1,1,1,0,0,0,0,0,0,0,0,0,0,0,.000,.000,.000,.000,-100,0,0,0,0,0,0,/H,banueda01
538,Tucker Barnhart,0,2024,33,ARI,NL,31,96,81,13,14,11,3,0,0,6,1,0,13,31,.173,.287,.210,.497,42,17,0,0,2,0,0,2/1H,barnhtu01
539,Jorge Barrosa,0,2024,23,ARI,NL,8,18,17,3,3,1,2,0,0,1,1,0,0,2,.176,.176,.294,.471,28,5,0,0,1,0,0,/8H7,barrojo01
540,Matthew Batten,0,2024,29,SDP,NL,1,3,3,0,1,0,0,1,0,0,0,0,0,0,.333,.333,1.000,1.333,253,3,0,0,0,0,0,/3,battema01
541,Mike Baumann,0,2024,28,BALLAAMIASEASFG,ALNL,2,0,0,0,0,0,0,0,0,0,0,0,0,0,,,,,,0,0,0,0,0,0,1,baumami01
542,Jalen Beeks,0,2024,30,COLPIT,NL,2,0,0,0,0,0,0,0,0,0,0,0,0,0,,,,,,0,0,0,0,0,0,1,beeksja02
543,Brennan Bernardino,0,2024,32,BOS,AL,1,0,0,0,0,0,0,0,0,0,0,0,0,0,,,,,,0,0,0,0,0,0,1,bernabr01
544,Steward Berroa,0,2024,25,TOR,AL,28,45,37,7,7,6,1,0,0,1,6,2,8,14,.189,.333,.216,.550,61,8,0,0,0,0,0,9H/78D,berrost01
545,Tyler Black,0,2024,23,MIL,NL,18,57,49,4,10,8,2,0,0,2,3,0,7,17,.204,.316,.245,.561,60,12,0,1,0,0,0,D/3H,blackty01
546,Travis Blankenhorn,0,2024,27,WSN,NL,13,32,31,2,4,3,1,0,0,5,0,0,1,9,.129,.156,.161,.318,-9,5,0,0,0,0,0,D/9H,blanktr01
547,David Bote,0,2024,31,CHC,NL,37,48,46,4,14,10,4,0,0,6,0,0,2,13,.304,.333,.391,.725,105,18,1,0,0,0,0,5H/431,boteda01
548,Rob Brantly,0,2024,34,TBR,AL,3,9,9,0,1,1,0,0,0,0,0,0,0,2,.111,.111,.111,.222,-36,1,0,0,0,0,0,/2,brantro01
549,John Brebbia,0,2024,34,ATLCHW,ALNL,1,0,0,0,0,0,0,0,0,0,0,0,0,0,,,,,,0,0,0,0,0,0,1,brebbjo01
550,Jhony Brito,0,2024,26,SDP,NL,1,0,0,0,0,0,0,0,0,0,0,0,0,0,,,,,,0,0,0,0,0,0,1,britojh01
551,Trenton Brooks,0,2024,28,SFG,NL,12,29,25,3,3,3,0,0,0,1,1,0,4,6,.120,.241,.120,.361,9,3,1,0,0,0,0,/3HD,brooktr01
552,Kris Bubic,0,2024,26,KCR,AL,1,0,0,0,0,0,0,0,0,0,0,0,0,0,,,,,,0,0,0,0,0,0,1,bubickr01
553,Génesis Cabrera,0,2024,27,TOR,AL,1,0,0,0,0,0,0,0,0,0,0,0,0,0,,,,,,0,0,0,0,0,0,1,cabrege01
554,Jair Camargo,0,2024,24,MIN,AL,5,7,6,1,0,0,0,0,0,0,0,0,1,3,.000,.143,.000,.143,-54,0,0,0,0,0,0,/2DH,camarja01
555,Isaiah Campbell,0,2024,26,BOS,AL,2,0,0,0,0,0,0,0,0,0,0,0,0,0,,,,,,0,0,0,0,0,0,/1,campbis01
556,Conner Capel,0,2024,27,CIN,NL,5,8,8,1,2,2,0,0,0,0,1,0,0,2,.250,.250,.250,.500,38,2,0,0,0,0,0,/DH7,capelco01
557,Vinny Capra,0,2024,27,MIL,NL,3,9,9,1,1,0,1,0,0,0,0,0,0,3,.111,.111,.222,.333,-10,2,1,0,0,0,0,/56,capravi01
558,Diego Castillo,0,2024,26,MIN,AL,4,8,6,3,2,1,1,0,0,2,0,0,2,1,.333,.500,.500,1.000,184,3,0,0,0,0,0,/5DH,castidi02
559,Luis Castillo,0,2024,31,SEA,AL,1,1,1,0,0,0,0,0,0,0,0,0,0,1,.000,.000,.000,.000,-100,0,0,0,0,0,0,1,castilu02
560,Oscar Colás,0,2024,25,CHW,AL,13,38,33,1,9,9,0,0,0,4,0,1,4,10,.273,.368,.273,.641,88,9,0,1,0,0,0,/98H,colasos01
561,Isaac Collins,0,2024,26,MIL,NL,11,19,17,0,2,2,0,0,0,0,1,0,2,10,.118,.211,.118,.328,-5,2,0,0,0,0,0,/H74D,colliis01
562,Danny Coulombe,0,2024,34,BAL,AL,1,0,0,0,0,0,0,0,0,0,0,0,0,0,,,,,,0,0,0,0,0,0,1,couloda01
563,Jeff Criswell,0,2024,25,COL,NL,1,0,0,0,0,0,0,0,0,0,0,0,0,0,,,,,,0,0,0,0,0,0,1,criswje01
564,Fernando Cruz,0,2024,34,CIN,NL,1,0,0,0,0,0,0,0,0,0,0,0,0,0,,,,,,0,0,0,0,0,0,1,cruzfe01
565,Jason Delay,0,2024,29,PIT,NL,7,19,15,1,3,0,3,0,0,6,0,0,3,0,.200,.333,.400,.733,105,6,0,0,1,0,0,/2DH,delayja01
566,Luis De Los Santos,0,2024,26,TOR,AL,13,31,29,2,5,3,2,0,0,1,0,0,2,10,.172,.226,.241,.467,33,7,2,0,0,0,0,5/H37,deloslu03
567,José Devers,0,2024,24,MIA,NL,3,4,4,1,1,1,0,0,0,0,0,0,0,1,.250,.250,.250,.500,40,1,0,0,0,0,0,/34H,deverjo01
568,Edwin Díaz,0,2024,30,NYM,NL,1,0,0,0,0,0,0,0,0,0,0,0,0,0,,,,,,0,0,0,0,0,0,1,diazed04
569,Aledmys Díaz,0,2024,33,HOUOAK,AL,14,34,33,2,3,3,0,0,0,1,0,0,1,9,.091,.118,.091,.209,-38,3,0,0,0,0,0,/634H57,diazal02
570,Alexis Díaz,0,2024,27,CIN,NL,1,0,0,0,0,0,0,0,0,0,0,0,0,0,,,,,,0,0,0,0,0,0,1,diazal03
571,Jake Diekman,0,2024,37,NYM,NL,1,0,0,0,0,0,0,0,0,0,0,0,0,0,,,,,,0,0,0,0,0,0,1,diekmja01
572,Seranthony Domínguez,0,2024,29,BALPHI,ALNL,1,0,0,0,0,0,0,0,0,0,0,0,0,0,,,,,,0,0,0,0,0,0,1,dominse01
573,Matt Duffy,0,2024,33,TEX,AL,4,10,7,2,2,2,0,0,0,0,0,0,2,1,.286,.500,.286,.786,139,2,0,1,0,0,0,/5H,duffyma01
574,Duke Ellis,0,2024,26,CHWNYY,AL,11,5,5,1,1,1,0,0,0,0,5,0,0,2,.200,.200,.200,.400,15,1,0,0,0,0,0,/H789D,ellisdu01
575,Mason Englert,0,2024,24,DET,AL,1,0,0,0,0,0,0,0,0,0,0,0,0,0,,,,,,0,0,0,0,0,0,1,englema01
576,Sandro Fabian,0,2024,26,TEX,AL,3,5,5,0,0,0,0,0,0,0,0,0,0,0,.000,.000,.000,.000,-100,0,0,0,0,0,0,/79,fabiasa01
577,Buck Farmer,0,2024,33,CIN,NL,1,0,0,0,0,0,0,0,0,0,0,0,0,0,,,,,,0,0,0,0,0,0,1,farmebu01
578,Hunter Feduccia,0,2024,27,LAD,NL,5,14,12,2,4,4,0,0,0,1,0,0,2,2,.333,.429,.333,.762,121,4,1,0,0,0,0,/2H,feduchu01
579,José Fermín,0,2024,25,STL,NL,45,79,71,7,11,9,1,1,0,4,2,1,7,11,.155,.241,.197,.438,26,14,3,1,0,0,0,HD54/7,fermijo01
580,Ryan Fernandez,0,2024,26,STL,NL,2,0,0,0,0,0,0,0,0,0,0,0,0,0,,,,,,0,0,0,0,0,0,1,fernary01
581,Kyle Finnegan,0,2024,32,WSN,NL,1,0,0,0,0,0,0,0,0,0,0,0,0,0,,,,,,0,0,0,0,0,0,1,finneky01
582,David Fletcher,0,2024,30,ATL,NL,5,9,8,0,2,2,0,0,0,2,0,0,0,1,.250,.222,.250,.472,32,2,0,0,0,1,0,/4,fletcda02
583,Jason Foley,0,2024,28,DET,AL,1,0,0,0,0,0,0,0,0,0,0,0,0,0,,,,,,0,0,0,0,0,0,1,foleyja01
584,Justin Foscue,0,2024,25,TEX,AL,15,44,42,3,2,1,1,0,0,1,0,0,2,18,.048,.091,.071,.162,-51,3,0,0,0,0,0,D/4H3,foscuju01
585,Kyle Freeland,0,2024,31,COL,NL,2,0,0,0,0,0,0,0,0,0,0,0,0,0,,,,,,0,0,0,0,0,0,1/H,freelky01
586,Luis Frías,0,2024,26,ARITOR,ALNL,1,0,0,0,0,0,0,0,0,0,0,0,0,0,,,,,,0,0,0,0,0,0,1,friaslu01
587,Hunter Gaddis,0,2024,26,CLE,AL,1,0,0,0,0,0,0,0,0,0,0,0,0,0,,,,,,0,0,0,0,0,0,1,gaddihu01
588,Aramis Garcia,0,2024,31,PHI,NL,3,7,7,0,0,0,0,0,0,0,0,0,0,3,.000,.000,.000,.000,-100,0,1,0,0,0,0,/2,garciar01
589,Mickey Gasper,0,2024,28,BOS,AL,13,23,18,1,0,0,0,0,0,0,0,0,4,8,.000,.217,.000,.217,-30,0,1,1,0,0,0,/4HD3,gaspemi01
590,Tyler Gentry,0,2024,25,KCR,AL,3,5,5,0,0,0,0,0,0,0,0,0,0,2,.000,.000,.000,.000,-100,0,0,0,0,0,0,/9H,gentrty01
591,Kevin Ginkel,0,2024,30,ARI,NL,2,0,0,0,0,0,0,0,0,0,0,0,0,0,,,,,,0,0,0,0,0,0,1,ginkeke01
592,Niko Goodrum,0,2024,32,LAATBR,AL,13,33,29,2,3,3,0,0,0,0,1,1,3,10,.103,.188,.103,.291,-13,3,0,0,1,0,0,/7H3546,goodrni01
593,Yuli Gurriel,0,2024,40,KCR,AL,18,65,54,7,13,10,3,0,0,6,1,0,9,15,.241,.338,.296,.635,84,16,1,0,0,2,0,3/DH,gourryu01
594,Tristan Gray,0,2024,28,MIAOAK,ALNL,15,31,28,0,3,2,1,0,0,0,0,0,3,16,.107,.194,.143,.336,-1,4,0,0,0,0,0,/35H,graytr01
595,Chad Green,0,2024,33,TOR,AL,1,0,0,0,0,0,0,0,0,0,0,0,0,0,,,,,,0,0,0,0,0,0,1,greench03
596,Vaughn Grissom,0,2024,23,BOS,AL,31,114,105,10,20,17,3,0,0,6,2,0,7,24,.190,.246,.219,.465,33,23,3,1,0,1,0,4/DH,grissva01
597,Luis Guillorme,0,2024,29,ARIATLLAA,ALNL,77,187,161,14,33,23,9,1,0,10,4,2,23,36,.205,.301,.273,.574,64,44,7,0,1,2,0,45H/61D,guilllu01
598,Josh Hader,0,2024,30,HOU,AL,3,0,0,0,0,0,0,0,0,0,0,0,0,0,,,,,,0,0,0,0,0,0,1,haderjo01
599,Sam Haggerty,0,2024,30,SEA,AL,8,16,15,1,1,1,0,0,0,1,1,0,1,4,.067,.125,.067,.192,-41,1,0,0,0,0,0,/7H9D,haggesa01
600,Seth Halvorsen,0,2024,24,COL,NL,1,0,0,0,0,0,0,0,0,0,0,0,0,0,,,,,,0,0,0,0,0,0,1,halvose01
601,Garrett Hampson,0,2024,29,KCR,AL,113,231,213,16,49,35,13,1,0,16,7,2,14,59,.230,.275,.300,.576,65,64,3,0,2,2,0,8H74/36951,hampsga01
602,Hunter Harvey,0,2024,29,KCRWSN,ALNL,1,0,0,0,0,0,0,0,0,0,0,0,0,0,,,,,,0,0,0,0,0,0,1,harvehu01
603,Jonathan Heasley,0,2024,27,BAL,AL,1,0,0,0,0,0,0,0,0,0,0,0,0,0,,,,,,0,0,0,0,0,0,/1,heasljo01
604,Tyler Heineman,0,2024,33,BOSTOR,AL,7,16,12,2,1,1,0,0,0,0,0,0,3,6,.083,.313,.083,.396,21,1,0,1,0,0,0,/21D,heinety01
605,Michael Helman,0,2024,28,MIN,AL,9,10,10,2,3,1,2,0,0,0,0,0,0,3,.300,.300,.500,.800,120,5,0,0,0,0,0,/8H759,helmami01
606,Ryan Helsley,0,2024,29,STL,NL,2,0,0,0,0,0,0,0,0,0,0,0,0,0,,,,,,0,0,0,0,0,0,1,helslry01
607,Kevin Herget,0,2024,33,MIL,NL,1,0,0,0,0,0,0,0,0,0,0,0,0,0,,,,,,0,0,0,0,0,0,/1,hergeke01
608,Jonathan Hernández,0,2024,27,SEATEX,AL,1,0,0,0,0,0,0,0,0,0,0,0,0,0,,,,,,0,0,0,0,0,0,1,hernajo02
609,Brewer Hicklen,0,2024,28,MIL,NL,3,5,5,0,0,0,0,0,0,0,1,0,0,4,.000,.000,.000,.000,-100,0,0,0,0,0,0,/9H,hicklbr01
610,Keston Hiura,0,2024,27,LAA,AL,10,27,27,1,4,4,0,0,0,1,0,1,0,10,.148,.148,.148,.296,-16,4,0,0,0,0,0,/4DH,hiurake01
611,Porter Hodge,0,2024,23,CHC,NL,1,0,0,0,0,0,0,0,0,0,0,0,0,0,,,,,,0,0,0,0,0,0,1,hodgepo01
612,Spencer Howard,0,2024,27,CLESFG,ALNL,1,0,0,0,0,0,0,0,0,0,0,0,0,0,,,,,,0,0,0,0,0,0,/1,howarsp01
613,Joe Hudson,0,2024,33,NYM,NL,1,0,0,0,0,0,0,0,0,0,0,0,0,0,,,,,,0,0,0,0,0,0,/2,hudsojo03
614,Sam Huff,0,2024,26,TEX,AL,3,4,3,0,0,0,0,0,0,0,0,0,1,2,.000,.250,.000,.250,-17,0,0,0,0,0,0,/2H,huffsa01
615,Cooper Hummel,0,2024,29,HOU,AL,6,8,8,0,0,0,0,0,0,0,1,0,0,2,.000,.000,.000,.000,-100,0,1,0,0,0,0,/H7D,hummeco01
616,Jacob Hurtubise,0,2024,26,CIN,NL,29,68,54,7,10,8,1,1,0,4,2,0,6,18,.185,.297,.241,.538,50,13,0,3,4,1,0,7/HD9,hurtuja01
617,Kenley Jansen,0,2024,36,BOS,AL,1,0,0,0,0,0,0,0,0,0,0,0,0,0,,,,,,0,0,0,0,0,0,1,janseke01
618,Bryce Jarvis,0,2024,26,ARI,NL,2,0,0,0,0,0,0,0,0,0,0,0,0,0,,,,,,0,0,0,0,0,0,1,jarvibr01
619,Bryce Johnson,0,2024,28,SDP,NL,47,73,63,9,13,11,2,0,0,4,1,1,7,12,.206,.286,.238,.524,50,15,1,0,3,0,0,9H/78D,johnsbr03
620,Daniel Johnson,0,2024,28,BAL,AL,1,1,1,1,0,0,0,0,0,0,0,0,0,0,.000,.000,.000,.000,-100,0,0,0,0,0,0,/9H,johnsda07
621,Levi Jordan,0,2024,28,CIN,NL,7,11,10,1,1,0,1,0,0,1,0,0,0,3,.100,.091,.200,.291,-24,2,0,0,0,1,0,/7H94,jordale01
622,Jace Jung,0,2024,23,DET,AL,34,94,79,14,19,14,5,0,0,3,0,1,15,29,.241,.362,.304,.665,92,24,3,0,0,0,0,5H/D4,jungja01
623,Tony Kemp,0,2024,32,BAL,AL,5,10,9,1,0,0,0,0,0,0,0,0,1,1,.000,.100,.000,.100,-67,0,0,0,0,0,0,/4H7,kempto01
624,Grae Kessinger,0,2024,26,HOU,AL,22,25,21,4,0,0,0,0,0,0,0,0,3,7,.000,.160,.000,.160,-48,0,1,1,0,0,0,/H546D13,kessigr01
625,Craig Kimbrel,0,2024,36,BAL,AL,1,0,0,0,0,0,0,0,0,0,0,0,0,0,,,,,,0,0,0,0,0,0,1,kimbrcr01
626,Bryan King,0,2024,27,HOU,AL,1,0,0,0,0,0,0,0,0,0,0,0,0,0,,,,,,0,0,0,0,0,0,1,kingbr02
627,John King,0,2024,29,STL,NL,1,0,0,0,0,0,0,0,0,0,0,0,0,0,,,,,,0,0,0,0,0,0,1,kingjo01
628,Tyler Kinley,0,2024,33,COL,NL,2,0,0,0,0,0,0,0,0,0,0,0,0,0,,,,,,0,0,0,0,0,0,1,kinlety01
629,Andrew Kittredge,0,2024,34,STL,NL,1,0,0,0,0,0,0,0,0,0,0,0,0,0,,,,,,0,0,0,0,0,0,1,kittran01
630,Andrew Knapp,0,2024,32,SFG,NL,3,6,6,0,1,1,0,0,0,0,0,0,0,2,.167,.167,.167,.333,-3,1,0,0,0,0,0,/2,knappan01
631,Grant Koch,0,2024,27,PIT,NL,3,8,7,1,0,0,0,0,0,0,0,0,1,6,.000,.125,.000,.125,-60,0,0,0,0,0,0,/2H,kochgr01
632,Matt Koch,0,2024,33,COL,NL,1,0,0,0,0,0,0,0,0,0,0,0,0,0,,,,,,0,0,0,0,0,0,/1,kochma01
633,Michael Kopech,0,2024,28,CHWLAD,ALNL,1,0,0,0,0,0,0,0,0,0,0,0,0,0,,,,,,0,0,0,0,0,0,1,kopecmi01
634,Peter Lambert,0,2024,27,COL,NL,1,0,0,0,0,0,0,0,0,0,0,0,0,0,,,,,,0,0,0,0,0,0,1,lambepe01
635,Jacob Latz,0,2024,28,TEX,AL,1,0,0,0,0,0,0,0,0,0,0,0,0,0,,,,,,0,0,0,0,0,0,1,latzja01
636,Derek Law,0,2024,33,WSN,NL,1,0,0,0,0,0,0,0,0,0,0,0,0,0,,,,,,0,0,0,0,0,0,1,lawde01
637,Justin Lawrence,0,2024,29,COL,NL,2,0,0,0,0,0,0,0,0,0,0,0,0,0,,,,,,0,0,0,0,0,0,1,lawreju01
638,Kyle Leahy,0,2024,27,STL,NL,1,0,0,0,0,0,0,0,0,0,0,0,0,0,,,,,,0,0,0,0,0,0,1,leahyky01
639,José Leclerc,0,2024,30,TEX,AL,1,0,0,0,0,0,0,0,0,0,0,0,0,0,,,,,,0,0,0,0,0,0,1,leclejo01
640,Pedro León,0,2024,26,HOU,AL,7,21,20,2,2,2,0,0,0,0,2,0,1,10,.100,.143,.100,.243,-29,2,2,0,0,0,0,/9H,leonpe01
641,Jorge López,0,2024,31,CHCNYM,NL,1,0,0,0,0,0,0,0,0,0,0,0,0,0,,,,,,0,0,0,0,0,0,1,lopezjo02
642,Marco Luciano,0,2024,22,SFG,NL,27,81,76,10,16,10,5,1,0,3,0,1,5,28,.211,.259,.303,.562,61,23,1,0,0,0,0,/46DH,luciama01
643,Nick Madrigal,0,2024,27,CHC,NL,51,94,86,5,19,16,3,0,0,10,1,0,4,10,.221,.280,.256,.535,54,22,2,3,1,0,0,54/HD,madrini01
644,Joe Mantiply,0,2024,33,ARI,NL,1,0,0,0,0,0,0,0,0,0,0,0,0,0,,,,,,0,0,0,0,0,0,1,mantijo01
645,Cade Marlowe,0,2024,27,SEA,AL,8,9,8,1,2,2,0,0,0,0,0,0,1,1,.250,.333,.250,.583,77,2,1,0,0,0,0,/98HD,marloca01
646,Orelvis Martínez,0,2024,22,TOR,AL,1,3,3,0,1,1,0,0,0,0,0,0,0,1,.333,.333,.333,.667,91,1,0,0,0,0,0,/4,martior01
647,Justin Martínez,0,2024,22,ARI,NL,2,0,0,0,0,0,0,0,0,0,0,0,0,0,,,,,,0,0,0,0,0,0,1,martiju01
648,Chris Martin,0,2024,38,BOS,AL,2,0,0,0,0,0,0,0,0,0,0,0,0,0,,,,,,0,0,0,0,0,0,1,martich02
649,J.P. Martínez,0,2024,28,ATL,NL,7,10,10,2,2,1,1,0,0,0,1,0,0,4,.200,.200,.300,.500,37,3,0,0,0,0,0,/H798D,martijp01
650,Miles Mastrobuoni,0,2024,28,CHC,NL,50,106,98,9,19,16,3,0,0,4,2,0,7,17,.194,.245,.224,.470,35,22,1,0,0,1,0,H546/97D,mastrmi01
651,Nick Maton,0,2024,27,BAL,AL,5,5,5,0,0,0,0,0,0,0,0,0,0,2,.000,.000,.000,.000,-100,0,0,0,0,0,0,/5H4D,matonni01
652,Coby Mayo,0,2024,22,BAL,AL,17,46,41,4,4,4,0,0,0,0,0,0,4,22,.098,.196,.098,.293,-11,4,1,1,0,0,0,5/H3,mayoco01
653,James McArthur,0,2024,27,KCR,AL,2,0,0,0,0,0,0,0,0,0,0,0,0,0,,,,,,0,0,0,0,0,0,1,mcartja01
654,Mason McCoy,0,2024,29,SDP,NL,19,57,49,7,10,8,2,0,0,3,1,0,5,19,.204,.278,.245,.523,49,12,2,0,3,0,0,6,mccoyma01
655,Scott McGough,0,2024,34,ARI,NL,2,1,1,0,0,0,0,0,0,0,0,0,0,1,.000,.000,.000,.000,-100,0,0,0,0,0,0,1,mcgousc01
656,Billy McKinney,0,2024,29,PIT,NL,10,28,25,4,5,4,1,0,0,2,0,0,2,13,.200,.286,.240,.526,50,6,1,1,0,0,0,/79H8,mckinbi01
657,Nick Mears,0,2024,27,COLMIL,NL,1,0,0,0,0,0,0,0,0,0,0,0,0,0,,,,,,0,0,0,0,0,0,1,mearsni01
658,Trevor Megill,0,2024,30,MIL,NL,1,0,0,0,0,0,0,0,0,0,0,0,0,0,,,,,,0,0,0,0,0,0,1,megiltr01
659,Julian Merryweather,0,2024,32,CHC,NL,1,0,0,0,0,0,0,0,0,0,0,0,0,0,,,,,,0,0,0,0,0,0,1,merryju01
660,Matt Mervis,0,2024,26,CHC,NL,9,28,26,1,3,2,1,0,0,3,0,0,1,8,.115,.148,.154,.302,-14,4,0,0,0,0,0,/D13H,mervima01
661,Owen Miller,0,2024,27,MIL,NL,14,27,27,2,5,4,1,0,0,3,0,0,0,8,.185,.185,.222,.407,13,6,1,0,0,0,0,/3H415D,milleow01
662,Hoby Milner,0,2024,33,MIL,NL,1,0,0,0,0,0,0,0,0,0,0,0,0,0,,,,,,0,0,0,0,0,0,1,milneho01
663,Kameron Misner,0,2024,26,TBR,AL,8,15,15,0,1,1,0,0,0,0,0,0,0,10,.067,.067,.067,.133,-61,1,0,0,0,0,0,/7H8,misneka01
664,Yoán Moncada,0,2024,29,CHW,AL,12,45,40,4,11,7,3,1,0,0,1,0,5,11,.275,.356,.400,.756,116,16,2,0,0,0,0,5/DH,moncayo01
665,Omar Narváez,0,2024,32,NYM,NL,28,69,65,4,10,8,2,0,0,5,0,0,3,12,.154,.191,.185,.376,8,12,2,0,1,0,0,2,narvaom01
666,Carlos Narváez,0,2024,25,NYY,AL,6,15,13,0,3,3,0,0,0,0,0,0,2,6,.231,.333,.231,.564,66,3,0,0,0,0,0,/2H,narvaca01
667,Hector Neris,0,2024,35,CHCHOU,ALNL,1,0,0,0,0,0,0,0,0,0,0,0,0,0,,,,,,0,0,0,0,0,0,1,nerishe01
668,Nasim Nuñez,0,2024,23,WSN,NL,51,78,61,14,15,14,1,0,0,1,8,2,12,15,.246,.370,.262,.632,85,16,1,0,5,0,0,6H/4D,nunezna01
669,Jonathan Ornelas,0,2024,24,TEX,AL,18,40,37,1,8,6,2,0,0,3,0,0,2,13,.216,.256,.270,.527,55,10,0,0,1,0,0,/564H8,orneljo01
670,Rafael Ortega,0,2024,33,CHW,AL,14,17,14,4,1,1,0,0,0,1,2,0,2,4,.071,.176,.071,.248,-25,1,1,0,0,1,0,8/H9D,ortegra01
671,Joel Payamps,0,2024,30,MIL,NL,1,0,0,0,0,0,0,0,0,0,0,0,0,0,,,,,,0,0,0,0,0,0,1,payamjo01
672,Elvis Peguero,0,2024,27,MIL,NL,1,0,0,0,0,0,0,0,0,0,0,0,0,0,,,,,,0,0,0,0,0,0,1,pegueel01
673,Liover Peguero,0,2024,23,PIT,NL,3,10,10,0,2,1,1,0,0,2,0,0,0,3,.200,.200,.300,.500,38,3,0,0,0,0,0,/6,pegueli01
674,Zach Penrod,0,2024,27,BOS,AL,1,0,0,0,0,0,0,0,0,0,0,0,0,0,,,,,,0,0,0,0,0,0,/1,penroza01
675,Jhonny Pereda,0,2024,28,MIA,NL,20,40,39,2,9,9,0,0,0,4,0,0,0,10,.231,.250,.231,.481,35,9,2,1,0,0,0,2/H13,peredjh01
676,Jace Peterson,0,2024,34,ARI,NL,14,26,22,2,1,1,0,0,0,1,0,0,3,6,.045,.154,.045,.199,-40,1,1,0,0,1,0,/H64D5,peterja01
677,Ryan Pressly,0,2024,35,HOU,AL,2,0,0,0,0,0,0,0,0,0,0,0,0,0,,,,,,0,0,0,0,0,0,1,pressry01
678,A.J. Puk,0,2024,29,ARIMIA,NL,1,0,0,0,0,0,0,0,0,0,0,0,0,0,,,,,,0,0,0,0,0,0,1,pukaj01
679,José Quijada,0,2024,28,LAA,AL,1,0,0,0,0,0,0,0,0,0,0,0,0,0,,,,,,0,0,0,0,0,0,1,quijajo01
680,Zach Remillard,0,2024,30,CHW,AL,15,39,33,3,8,6,1,1,0,1,1,0,5,10,.242,.342,.333,.675,95,11,1,0,1,0,0,/456H78D,remilza01
681,Anthony Rendon,0,2024,34,LAA,AL,57,238,206,21,45,35,10,0,0,14,6,1,23,35,.218,.307,.267,.574,65,55,4,5,0,4,0,5/D,rendoan01
682,Pablo Reyes,0,2024,30,BOSNYM,ALNL,22,64,60,5,11,9,2,0,0,5,1,2,3,19,.183,.234,.217,.451,29,13,1,1,0,0,0,5/4H361D,reyespa01
683,Edwin Ríos,0,2024,30,CIN,NL,5,10,9,1,1,1,0,0,0,0,0,0,1,4,.111,.200,.111,.311,-11,1,0,0,0,0,0,/3H,riosed01
684,Leo Rivas,0,2024,26,SEA,AL,43,86,73,10,17,15,1,1,0,8,3,0,10,24,.233,.333,.274,.607,83,20,1,1,2,0,0,6H4/D15,rivasle01
685,David Robertson,0,2024,39,TEX,AL,2,0,0,0,0,0,0,0,0,0,0,0,0,0,,,,,,0,0,0,0,0,0,1,roberda08
686,Chuckie Robinson,0,2024,29,CHW,AL,26,76,70,2,9,9,0,0,0,0,0,0,5,20,.129,.197,.129,.326,-4,9,1,1,0,0,0,2/H,robinch04
687,Yerry Rodríguez,0,2024,26,TEXTOR,AL,1,0,0,0,0,0,0,0,0,0,0,0,0,0,,,,,,0,0,0,0,0,0,1,rodriye01
688,Johnathan Rodríguez,0,2024,24,CLE,AL,13,40,31,6,4,3,1,0,0,5,0,0,9,14,.129,.325,.161,.486,46,5,1,0,0,0,0,9/H7D,rodrijo10
689,Chris Roller,0,2024,27,MIL,NL,1,1,1,0,0,0,0,0,0,0,0,0,0,1,.000,.000,.000,.000,-100,0,0,0,0,0,0,/8H,rollech01
690,JoJo Romero,0,2024,27,STL,NL,1,0,0,0,0,0,0,0,0,0,0,0,0,0,,,,,,0,0,0,0,0,0,1,romerjo01
691,Drew Romo,0,2024,22,COL,NL,16,53,51,4,9,6,3,0,0,6,0,1,2,18,.176,.208,.235,.443,19,12,2,0,0,0,0,2/DH,romodr01
692,Blake Sabol,0,2024,26,SFG,NL,11,38,32,3,10,8,2,0,0,1,0,0,5,9,.313,.421,.375,.796,132,12,0,1,0,0,1,/2DH,sabolbl01
693,César Salazar,0,2024,28,HOU,AL,12,32,25,5,8,6,2,0,0,8,0,0,2,6,.320,.387,.400,.787,126,10,0,2,1,2,0,2/DH,salazce01
694,Ali Sánchez,0,2024,27,MIA,NL,31,96,84,5,14,12,2,0,0,4,2,1,4,24,.167,.211,.190,.402,13,16,2,1,6,1,0,2/H,sanchal04
695,Javier Sanoja,0,2024,21,MIA,NL,15,36,35,3,8,6,2,0,0,2,0,0,1,4,.229,.250,.286,.536,49,10,2,0,0,0,0,/8H647D,sanojja01
696,Brian Serven,0,2024,29,TOR,AL,28,71,63,6,10,6,4,0,0,3,0,0,5,22,.159,.243,.222,.465,34,14,0,2,1,0,0,2/H,servebr01
697,Paul Sewald,0,2024,34,ARI,NL,1,0,0,0,0,0,0,0,0,0,0,0,0,0,,,,,,0,0,0,0,0,0,1,sewalpa01
698,Zack Short,0,2024,29,ATLBOSNYM,ALNL,42,88,70,11,9,6,3,0,0,5,2,1,14,24,.129,.282,.171,.454,32,12,0,1,3,0,0,5H6/4D,shortza01
699,Chase Shugart,0,2024,27,BOS,AL,1,0,0,0,0,0,0,0,0,0,0,0,0,0,,,,,,0,0,0,0,0,0,/1,shugach01
700,Lucas Sims,0,2024,30,BOSCIN,ALNL,1,0,0,0,0,0,0,0,0,0,0,0,0,0,,,,,,0,0,0,0,0,0,1,simslu01
701,Kevin Smith,0,2024,27,NYY,AL,2,0,0,0,0,0,0,0,0,0,0,0,0,0,,,,,,0,0,0,0,0,0,/HD,smithke05
702,Nick Sogard,0,2024,26,BOS,AL,31,86,77,13,21,17,4,0,0,8,3,0,7,25,.273,.326,.325,.650,85,25,4,0,0,2,0,4/65H3,sogarni01
703,Liván Soto,0,2024,24,BALCIN,ALNL,13,16,13,1,3,2,1,0,0,0,0,0,3,3,.231,.375,.308,.683,100,4,0,0,0,0,0,/456DH,sotoli01
704,Ryne Stanek,0,2024,32,NYMSEA,ALNL,1,0,0,0,0,0,0,0,0,0,0,0,0,0,,,,,,0,0,0,0,0,0,1,stanery01
705,Michael Stefanic,0,2024,28,LAA,AL,40,124,110,8,24,20,4,0,0,8,0,0,10,20,.218,.301,.255,.555,60,28,5,3,1,0,0,4/HD15,stefami01
706,Cal Stevenson,0,2024,27,PHI,NL,18,27,24,2,6,3,3,0,0,6,0,0,3,4,.250,.333,.375,.708,97,9,1,0,0,0,0,8/H97,steveca01
707,Myles Straw,0,2024,29,CLE,AL,7,4,4,2,1,1,0,0,0,0,2,0,0,0,.250,.250,.250,.500,44,1,0,0,0,0,0,/8HD,strawmy01
708,Albert Suárez,0,2024,34,BAL,AL,1,0,0,0,0,0,0,0,0,0,0,0,0,0,,,,,,0,0,0,0,0,0,1,suareal01
709,Samad Taylor,0,2024,25,SEA,AL,3,5,5,2,2,2,0,0,0,0,0,0,0,1,.400,.400,.400,.800,138,2,0,0,0,0,0,/78H,taylosa04
710,Bryce Teodosio,0,2024,25,LAA,AL,5,12,12,1,1,1,0,0,0,0,0,0,0,5,.083,.083,.083,.167,-52,1,0,0,0,0,0,/8DH,teodobr01
711,Bubba Thompson,0,2024,26,CIN,NL,17,18,18,5,2,1,1,0,0,0,5,0,0,11,.111,.111,.167,.278,-25,3,1,0,0,0,0,8/HD,thompbu01
712,Ryan Thompson,0,2024,32,ARI,NL,1,0,0,0,0,0,0,0,0,0,0,0,0,0,,,,,,0,0,0,0,0,0,1,thompry02
713,Trent Thornton,0,2024,30,SEA,AL,1,0,0,0,0,0,0,0,0,0,0,0,0,0,,,,,,0,0,0,0,0,0,1,thorntr01
714,Taylor Trammell,0,2024,26,LADNYY,ALNL,10,8,7,2,1,1,0,0,0,0,0,0,1,3,.143,.250,.143,.393,16,1,0,0,0,0,0,/H79D,trammta01
715,Alan Trejo,0,2024,28,COL,NL,28,67,63,4,9,9,0,0,0,1,0,0,2,15,.143,.182,.143,.325,-11,9,2,1,1,0,0,4/5H6D,trejoal01
716,Chadwick Tromp,0,2024,29,ATL,NL,19,54,52,3,13,7,6,0,0,6,0,0,1,17,.250,.259,.365,.625,72,19,2,0,0,1,0,2,trompch01
717,Cole Tucker,0,2024,27,LAA,AL,24,57,50,3,9,4,4,1,0,3,3,1,6,17,.180,.263,.300,.563,59,15,0,0,0,1,0,/5D7H1,tuckeco01
718,José Ureña,0,2024,32,TEX,AL,2,0,0,0,0,0,0,0,0,0,0,0,0,0,,,,,,0,0,0,0,0,0,1,urenajo01
719,Luis Vázquez,0,2024,24,CHC,NL,11,14,12,2,1,1,0,0,0,1,0,0,0,6,.083,.143,.083,.226,-33,1,1,1,0,1,0,/65H4,vazqulu01
720,Victor Vodnik,0,2024,24,COL,NL,1,0,0,0,0,0,0,0,0,0,0,0,0,0,,,,,,0,0,0,0,0,0,1,vodnivi01
721,Jason Vosler,0,2024,30,SEA,AL,10,30,28,2,5,3,1,1,0,3,0,0,2,9,.179,.233,.286,.519,53,8,0,0,0,0,0,/3DH79,vosleja01
722,Austin Voth,0,2024,32,SEA,AL,1,0,0,0,0,0,0,0,0,0,0,0,0,0,,,,,,0,0,0,0,0,0,1,vothau01
723,Tyler Wade,0,2024,29,SDP,NL,90,156,138,28,30,27,3,0,0,8,8,1,11,29,.217,.285,.239,.524,50,33,0,2,4,0,0,H5467/9D8,wadety01
724,Forrest Wall,0,2024,28,ATLMIA,NL,16,35,32,4,8,8,0,0,0,1,4,3,3,8,.250,.314,.250,.564,61,8,0,0,0,0,0,7/H9,wallfo01
725,Drew Waters,0,2024,25,KCR,AL,7,19,16,2,3,2,1,0,0,1,0,0,2,6,.188,.316,.250,.566,65,4,0,1,0,0,0,/97H,waterdr01
726,Jacob Webb,0,2024,30,BAL,AL,1,0,0,0,0,0,0,0,0,0,0,0,0,0,,,,,,0,0,0,0,0,0,1,webbja01
727,Joey Wendle,0,2024,34,NYM,NL,18,37,36,3,8,7,1,0,0,1,1,0,1,9,.222,.243,.250,.493,41,9,0,0,0,0,0,/456,wendljo01
728,Shay Whitcomb,0,2024,25,HOU,AL,20,46,41,1,9,6,3,0,0,5,0,0,5,8,.220,.304,.293,.597,72,12,1,0,0,0,0,5/H4,whitcsh01
729,Mitch White,0,2024,29,MILSFGTOR,ALNL,1,0,0,0,0,0,0,0,0,0,0,0,0,0,,,,,,0,0,0,0,0,0,1,whitemi03
730,Owen White,0,2024,24,TEX,AL,1,0,0,0,0,0,0,0,0,0,0,0,0,0,,,,,,0,0,0,0,0,0,/1,whiteow01
731,Joey Wiemer,0,2024,25,CINMIL,NL,21,28,26,2,4,4,0,0,0,0,1,1,2,9,.154,.214,.154,.368,6,4,0,0,0,0,0,7/H89D,wiemejo01
732,Luke Williams,0,2024,27,ATL,NL,34,52,46,8,9,6,3,0,0,4,3,0,4,13,.196,.275,.261,.535,51,12,1,1,1,0,0,H/45D716,willilu01
733,Alika Williams,0,2024,25,PIT,NL,37,96,87,13,18,12,4,2,0,5,1,0,3,22,.207,.242,.299,.541,51,26,0,1,5,0,0,46/H,willial04
734,Justin Wilson,0,2024,36,CIN,NL,1,0,0,0,0,0,0,0,0,0,0,0,0,0,,,,,,0,0,0,0,0,0,1,wilsoju10
735,Jacob Wilson,0,2024,22,OAK,AL,28,103,92,11,23,19,2,2,0,3,0,0,8,10,.250,.314,.315,.629,85,29,4,1,1,1,0,6/H,wilsoja05
736,Josh Winckowski,0,2024,26,BOS,AL,1,0,0,0,0,0,0,0,0,0,0,0,0,0,,,,,,0,0,0,0,0,0,1,winckjo01
737,Austin Wynns,0,2024,33,CIN,NL,7,20,19,3,7,3,4,0,0,2,0,0,0,5,.368,.400,.579,.979,164,11,0,1,0,0,0,/2H,wynnsau01
738,Eric Yang,0,2024,26,CIN,NL,1,1,1,0,0,0,0,0,0,0,0,0,0,1,.000,.000,.000,.000,-100,0,0,0,0,0,0,/H,yanger01
739,Kirby Yates,0,2024,37,TEX,AL,3,0,0,0,0,0,0,0,0,0,0,0,0,0,,,,,,0,0,0,0,0,0,1,yateski01
740,Alex Young,0,2024,30,CINNYM,NL,1,0,0,0,0,0,0,0,0,0,0,0,0,0,,,,,,0,0,0,0,0,0,1,youngal01
741,Guillo Zuñiga,0,2024,25,LAA,AL,1,0,0,0,0,0,0,0,0,0,0,0,0,0,,,,,,0,0,0,0,0,0,1,zuniggu01
